KBN,parent_id,marriage_number,relationship_number,adopted,adopted_day
1,,1,1,,
11,1,1,1,,
12,1,1,1,,
121,12,1,1,,
122,12,1,1,,
1221,122,1,1,,
12211,1221,1,1,,
122111,12211,1,1,,
122112,12211,1,1,,
1221121,122112,1,1,Case 3,2262000
12212,1221,1,1,,
12213,1221,1,1,,
12214,1221,1,1,,
122141,12214,1,1,,
122142,12214,1,1,,
1222,122,1,1,,
1223,122,1,1,,
12231,1223,1,1,,
122311,12231,1,1,,
122312,12231,1,1,,
12232,1223,1,1,,
1224,122,1,1,,
12241,1224,1,1,,
122411,12241,1,1,Case 1,121981
122412,12241,1,1,Case 1,121984
12242,1224,1,1,,
122421,12242,1,1,,
122422,12242,1,1,Case 1,0
123,12,1,1,,
1231,123,1,1,,
12311,1231,1,1,,
123111,12311,1,1,,
123112,12311,1,1,,
12312,1231,1,1,,
123121,12312,2,2,,
124,12,1,1,,
13,1,1,1,,
14,1,1,1,,
15,1,1,1,,
16,1,1,1,,
161,16,1,1,,
1611,161,1,1,,
16111,1611,1,1,,
161111,16111,1,1,,
161112,16111,1,1,,
1611121,161112,1,1,,
161113,16111,1,1,,
1611131,161113,1,1,,
1611132,161113,1,1,,
16112,1611,1,1,,
161121,16112,1,1,,
161122,16112,1,1,,
1611221,161122,1,1,,
1611222,161122,1,1,,
1611223,161122,1,1,Case 1,221990
16113,1611,1,1,,
161131,16113,1,1,,
1611311,161131,1,1,,
1611312,161131,1,1,,
161132,16113,2,2,,
1612,161,1,1,,
16121,1612,1,1,,
161211,16121,1,1,,
1612111,161211,1,1,,
161212,16121,1,1,,
1612121,161212,1,1,,
161213,16121,1,1,,
1612131,161213,1,1,,
1612132,161213,1,1,,
16122,1612,1,1,,
1613,161,1,1,,
16131,1613,1,1,,
16132,1613,2,2,,
16133,1613,2,2,,
161331,16133,1,1,,
1613311,161331,1,1,,
1613312,161331,1,1,,
161332,16133,1,1,,
1613321,161332,1,1,,
1613322,161332,1,1,,
161333,16133,2,2,,
1613331,161333,1,1,,
16134,1613,2,2,,
161341,16134,1,1,,
1613411,161341,1,1,,
1613412,161341,1,1,,
1613413,161341,1,1,,
161342,16134,1,1,,
1613421,161342,1,1,,
1613422,161342,1,1,,
1613423,161342,1,1,,
161343,16134,1,1,,
1613431,161343,1,1,,
1613432,161343,1,1,,
1614,161,1,1,,
16141,1614,1,1,,
16142,1614,2,2,,
161421,16142,1,1,,
161422,16142,1,1,,
16143,1614,2,2,,
161431,16143,1,1,,
1614311,161431,1,1,,
1614312,161431,1,1,,
161432,16143,1,1,,
16144,1614,2,2,,
161441,16144,1,1,,
161442,16144,1,1,,
1615,161,1,1,,
16151,1615,1,1,,
161511,16151,1,1,,
161512,16151,1,1,,
1615121,161512,1,1,,
1615122,161512,1,1,,
161513,16151,1,1,,
16152,1615,1,1,,
161521,16152,1,1,,
1615211,161521,1,1,,
1616,161,1,1,,
16161,1616,1,1,,
1617,161,1,1,,
16171,1617,1,1,,
161711,16171,1,1,,
161712,16171,1,1,,
16172,1617,2,2,,
161721,16172,1,1,,
1617211,161721,0,1,,
1617212,161721,1,2,,
161722,16172,0,1,,
16173,1617,2,2,,
161731,16173,1,1,,
1617311,161731,0,1,,
161732,16173,2,1,,
161733,16173,2,2,,
161734,16173,2,2,,
1618,161,1,1,,
16181,1618,1,1,,
161811,16181,1,1,,
161812,16181,1,1,,
16182,1618,1,1,,
161821,16182,1,1,,
1618211,161821,1,1,,
161822,16182,1,1,,
161823,16182,1,1,,
1618231,161823,1,1,,
1619,161,1,1,,
16191,1619,1,1,,
16192,1619,1,1,,
161921,16192,1,1,,
161922,16192,1,1,,
161923,16192,1,1,,
161924,16192,1,1,,
16193,1619,1,1,,
161931,16193,1,1,,
161932,16193,1,1,,
161A,161,1,1,,
161A1,161A,1,1,,
161A11,161A1,1,1,,
161A12,161A1,1,1,,
161A2,161A,1,1,,
161A21,161A2,1,1,,
161A22,161A2,1,1,,
161A3,161A,1,1,,
161A4,161A,1,1,,
161A5,161A,1,1,,
161A51,161A5,1,1,,
161A52,161A5,2,2,,
162,16,1,1,,
1621,162,1,1,,
16211,1621,1,1,,
16212,1621,1,1,,
162121,16212,1,1,,
162122,16212,1,1,,
162123,16212,1,1,,
1622,162,1,1,,
16221,1622,1,1,,
16222,1622,1,1,,
162221,16222,1,1,,
162222,16222,1,1,,
16223,1622,1,1,,
162231,16223,1,1,,
162232,16223,1,1,,
16224,1622,1,1,,
1623,162,1,1,,
16231,1623,1,1,,
163,16,1,1,,
1631,163,1,1,,
16311,1631,1,1,,
163111,16311,1,1,,
163112,16311,1,1,,
16312,1631,1,1,,
163121,16312,1,1,,
163122,16312,1,1,,
16313,1631,1,1,,
163131,16313,2,2,,
163132,16313,2,2,,
16314,1631,1,1,,
163141,16314,1,1,,
163142,16314,1,1,,
16315,1631,1,1,,
163151,16315,1,1,,
1632,163,1,1,,
1633,163,1,1,,
16331,1633,1,1,,
163311,16331,1,1,,
163312,16331,1,1,,
163313,16331,1,1,,
16332,1633,1,1,,
163321,16332,1,1,,
163322,16332,1,1,,
163323,16332,1,1,,
164,16,1,1,,
1641,164,1,1,,
16411,1641,1,1,,
164111,16411,1,1,,
1641111,164111,1,1,,
164112,16411,1,1,,
1642,164,1,1,,
16421,1642,1,1,,
16422,1642,1,1,,
16423,1642,1,1,,
164231,16423,1,1,,
164232,16423,1,1,,
1643,164,1,1,,
16431,1643,1,1,,
164311,16431,1,1,,
1643111,164311,1,1,,
164312,16431,1,1,,
1643121,164312,1,1,,
164313,16431,1,1,,
16432,1643,1,1,,
165,16,1,1,,
1651,165,1,1,,
16511,1651,1,1,,
165111,16511,1,1,,
1651111,165111,1,1,,
165112,16511,1,1,,
16512,1651,1,1,,
165121,16512,1,1,,
165122,16512,1,1,,
165123,16512,1,1,,
1651231,165123,1,1,,
1651232,165123,1,1,,
165124,16512,1,1,,
1652,165,1,1,,
16521,1652,1,1,,
16522,1652,1,1,,
16523,1652,1,1,,
16524,1652,1,1,,
165241,16524,1,1,,
1653,165,1,1,,
1654,165,1,1,,
16541,1654,1,1,Case 1,111957
165411,16541,1,1,,
1655,165,1,1,,
16551,1655,1,1,,
165511,16551,1,1,,
16552,1655,1,1,,
165521,16552,1,1,,
1655211,165521,1,1,,
1655212,165521,0,2,,
1655213,165521,0,2,,
165522,16552,2,2,,
165523,16552,2,2,,
16553,1655,1,1,,
165531,16553,1,1,,
165532,16553,1,1,,
1656,165,1,1,,
16561,1656,1,1,,
165611,16561,1,1,,
165612,16561,1,1,,
165613,16561,1,1,,
16562,1656,1,1,,
165621,16562,1,1,,
166,16,1,1,,
1661,166,1,1,,
167,16,1,1,,
1671,167,1,1,,
16711,1671,1,1,,
167111,16711,1,1,,
1671111,167111,1,1,,
1671112,167111,1,1,,
1671113,167111,1,1,,
167112,16711,1,1,,
1671121,167112,1,1,,
1671122,167112,1,1,,
1671123,167112,1,1,,
16712,1671,1,1,,
167121,16712,1,1,,
167122,16712,1,1,,
16713,1671,1,1,,
167131,16713,1,1,,
16714,1671,1,1,,
167141,16714,1,1,,
1671411,167141,1,1,,
167142,16714,1,1,,
1671421,167142,1,1,,
1671422,167142,1,1,,
16715,1671,1,1,,
167151,16715,1,1,,
167152,16715,1,1,,
16716,1671,1,1,,
167161,16716,1,1,,
167162,16716,1,1,,
167163,16716,1,1,,
16717,1671,1,1,,
167171,16717,1,1,,
167172,16717,1,1,,
16718,1671,1,1,,
167181,16718,1,1,,
167182,16718,1,1,,
167183,16718,1,1,,
1672,167,1,1,,
168,16,1,1,,
169,16,1,1,,
16A,16,1,1,,
16A1,16A,1,1,,
16A11,16A1,1,1,,
16A111,16A11,1,1,,
16A1111,16A111,1,1,,
16A112,16A11,1,1,,
16A12,16A1,1,1,,
16A13,16A1,1,1,,
16A14,16A1,1,1,,
16A141,16A14,2,2,,
16A1411,16A141,1,1,,
16A142,16A14,2,2,,
16A1422,16A142,1,2,,
16A143,16A14,2,2,,
16A144,16A14,2,2,,
16A2,16A,1,1,,
16A21,16A2,1,1,,
16A211,16A21,1,1,,
16A22,16A2,1,1,,
16B,16,1,1,,
16B1,16B,1,1,,
16B11,16B1,1,1,,
16B111,16B11,1,1,,
16B112,16B11,2,2,,
16B113,16B11,2,2,,
16B12,16B1,1,1,,
16B121,16B12,1,1,,
16B122,16B12,1,1,,
16B13,16B1,1,1,,
16B131,16B13,1,1,,
16B132,16B13,1,1,,
16B2,16B,1,1,,
16B21,16B2,1,1,,
16B22,16B2,1,1,,
17,1,1,1,,
18,1,1,1,,
181,18,1,1,,
1811,181,1,1,,
18111,1811,1,1,,
18112,1811,1,1,,
1812,181,1,1,,
18121,1812,1,1,,
181211,18121,1,1,,
181212,18121,3,3,Case 1,212001
18122,1812,1,1,,
181221,18122,1,1,,
1813,181,1,1,,
18131,1813,1,1,,
181311,18131,2,1,,
181312,18131,1,2,,
182,18,1,1,,
1821,182,1,1,,
18211,1821,1,1,,
182111,18211,1,1,,
18212,1821,1,1,,
19,1,1,1,,
2,,1,1,,
21,2,1,1,,
211,21,1,1,,
212,21,1,1,,
2121,212,1,1,,
213,21,1,1,,
214,21,1,1,,
215,21,1,1,,
2151,215,1,1,,
2152,215,1,1,,
21521,2152,1,1,,
215211,21521,1,1,,
2153,215,1,1,,
21531,2153,1,1,,
215311,21531,1,1,,
216,21,1,1,,
2161,216,1,1,,
21611,2161,1,1,,
216111,21611,1,1,,
216112,21611,1,1,,
2161121,216112,1,1,,
2161122,216112,1,1,,
21612,2161,1,1,,
216121,21612,1,1,,
216122,21612,1,1,,
21613,2161,1,1,,
216131,21613,1,1,,
216132,21613,1,1,,
21614,2161,1,1,,
216141,21614,1,1,,
216142,21614,1,1,,
21615,2161,1,1,,
216151,21615,1,1,,
216152,21615,1,1,,
21616,2161,1,1,,
216161,21616,1,1,,
217,21,1,1,,
218,21,1,1,,
3,,2,2,,
31,3,1,1,,
311,31,1,1,,
3111,311,1,1,,
3112,311,2,2,,
312,31,1,1,,
313,31,1,1,,
3131,313,1,1,,
31311,3131,1,1,,
31312,3131,1,1,,
31313,3131,1,1,,
3132,313,1,1,,
3133,313,1,1,,
3134,313,2,2,,
3135,313,2,2,,
31351,3135,1,1,,
31352,3135,1,1,,
31353,3135,1,1,,
32,3,2,2,,
321,32,1,1,,
3211,321,1,1,,
3212,321,1,1,,
32121,3212,1,1,,
321211,32121,1,1,,
321212,32121,1,1,,
321213,32121,1,1,,
3212131,321213,1,1,,
321214,32121,1,1,,
3212141,321214,1,1,,
3213,321,1,1,,
32131,3213,1,1,,
321311,32131,1,1,,
32132,3213,1,1,,
321321,32132,1,1,,
321322,32132,1,1,,
3214,321,1,1,,
32141,3214,1,1,,
321411,32141,1,1,,
322,32,1,1,,
3221,322,2,2,,
323,32,1,1,,
3231,323,1,1,,
3232,323,1,1,,
32321,3232,1,1,,
323211,32321,1,1,,
3232111,323211,1,1,,
3232112,323211,1,1,,
323212,32321,1,1,,
3232121,323212,1,1,,
3232122,323212,1,1,,
3232123,323212,1,1,,
32322,3232,1,1,,
323221,32322,1,1,,
323222,32322,1,1,,
323223,32322,1,1,,
32323,3232,1,1,,
323231,32323,2,2,,
323232,32323,2,2,,
323233,32323,2,2,,
3233,323,1,1,,
32331,3233,1,1,,
323311,32331,1,1,,
323312,32331,2,2,,
32332,3233,1,1,,
32333,3233,1,1,,
323331,32333,1,1,,
323332,32333,1,1,,
324,32,1,1,,
3241,324,1,1,,
325,32,1,1,,
3251,325,1,1,,
32511,3251,1,1,,
32512,3251,2,2,,
325121,32512,1,1,,
325122,32512,1,1,,
32513,3251,2,2,,
325131,32513,1,1,,
3252,325,1,1,,
32521,3252,1,1,,
325211,32521,1,1,,
325212,32521,1,1,,
32522,3252,1,1,,
325221,32522,1,1,,
3252211,325221,1,1,,
325222,32522,1,1,,
3252221,325222,1,1,,
32523,3252,1,1,,
3253,325,1,1,,
32531,3253,1,1,,
325311,32531,1,1,,
325312,32531,1,1,,
32532,3253,1,1,,
325321,32532,1,1,,
325322,32532,1,1,,
3254,325,1,1,,
32541,3254,1,1,,
325411,32541,1,1,,
3254111,325411,1,1,,
326,32,1,1,,
3261,326,1,1,,
3262,326,1,1,,
3263,326,1,1,,
3264,326,1,1,,
32641,3264,1,1,,
326411,32641,1,1,,
326412,32641,1,1,,
32642,3264,1,1,,
326421,32642,1,1,,
326422,32642,1,1,,
32643,3264,1,1,,
326431,32643,1,1,,
326432,32643,1,1,,
327,32,1,1,,
328,32,1,1,,
3281,328,1,1,,
329,32,1,1,,
32A,32,1,1,,
32A1,32A,1,1,,
32A11,32A1,1,1,,
32A111,32A11,1,1,,
32A112,32A11,1,1,,
32A2,32A,1,1,,
33,3,2,2,,
331,33,1,1,,
3311,331,1,1,,
3312,331,1,1,,
3313,331,1,1,,
3314,331,1,1,,
3315,331,1,1,,
3316,331,1,1,,
33161,3316,1,1,,
33162,3316,1,1,,
331621,33162,1,1,,
331622,33162,1,1,,
331623,33162,1,1,,
331624,33162,1,1,,
3316241,331624,1,1,,
3316242,331624,1,1,,
33163,3316,1,1,,
331631,33163,1,1,,
3316311,331631,1,1,,
3316312,331631,1,1,,
331632,33163,1,1,,
3316321,331632,1,1,,
3316322,331632,1,1,,
3317,331,1,1,,
3318,331,1,1,,
3319,331,1,1,,
33191,3319,2,2,,
331A,331,1,1,,
331B,331,1,1,,
332,33,1,1,,
3321,332,1,1,,
33211,3321,1,1,,
33212,3321,1,1,,
3322,332,1,1,,
33221,3322,1,1,,
33222,3322,1,1,,
333,33,1,1,,
3331,333,1,1,,
33311,3331,1,1,,
333111,33311,1,1,,
3331111,333111,1,1,,
333112,33311,1,1,,
3331121,333112,1,1,,
333113,33311,1,1,,
3331131,333113,1,1,,
3331132,333113,1,1,,
3331133,333113,1,1,,
33312,3331,1,1,,
333121,33312,1,1,,
3331211,333121,1,1,,
3331212,333121,1,1,,
3331213,333121,1,1,,
333122,33312,1,1,,
3331221,333122,1,1,,
3331222,333122,1,1,,
333123,33312,1,1,,
3331231,333123,1,1,,
3331232,333123,1,1,,
33313,3331,1,1,,
333131,33313,1,1,,
333132,33313,1,1,,
3331321,333132,1,1,,
3331322,333132,1,1,,
333133,33313,1,1,,
3331331,333133,0,1,,
333134,33313,1,1,,
3331341,333134,1,1,,
3331342,333134,1,1,,
333135,33313,2,2,,
3332,333,1,1,,
33321,3332,2,2,,
3333,333,1,1,,
33331,3333,1,1,,
333311,33331,1,1,,
333312,33331,1,1,,
333313,33331,1,1,,
3334,333,1,1,,
33341,3334,1,1,Case 3,0
333411,33341,1,1,,
33342,3334,2,2,,
334,33,1,1,,
335,33,1,1,,
336,33,1,1,,
34,3,2,2,,
341,34,1,1,,
3411,341,1,1,,
34111,3411,1,1,,
341111,34111,1,1,,
3411111,341111,1,1,,
3411112,341111,1,1,,
341112,34111,1,1,,
3411121,341112,1,1,,
3411122,341112,1,1,,
3411123,341112,1,1,,
34112,3411,1,1,,
341121,34112,1,1,Case 1,0
3411211,341121,1,1,,
3411212,341121,1,1,,
341122,34112,1,1,"Case 1",0
3411221,341122,1,1,,
34113,3411,1,1,,
341131,34113,1,1,,
341132,34113,1,1,,
34114,3411,1,1,,
34115,3411,1,1,,
341151,34115,2,2,,
341152,34115,2,2,,
341153,34115,2,2,,
3412,341,1,1,,
34121,3412,1,1,,
341211,34121,1,1,,
341212,34121,1,1,,
341213,34121,1,1,,
3412131,341213,1,1,,
34122,3412,1,1,,
341221,34122,1,1,,
3412211,341221,1,1,,
3412212,341221,1,1,,
341222,34122,1,1,,
3412221,341222,1,1,,
341223,34122,1,1,,
34123,3412,1,1,,
341231,34123,1,1,,
341232,34123,1,1,,
341321,34132,1,1,,
341233,34123,1,1,,
3413,341,1,1,,
34131,3413,1,1,,
34132,3413,1,1,,
341322,34132,1,1,,
3413221,341322,1,1,,
3413222,341322,1,1,,
341323,34132,2,2,,
34133,3413,1,1,,
341332,34133,1,1,,
341331,34133,1,1,,
3414,341,1,1,,
3415,341,1,1,,
34151,3415,1,1,,
341511,34151,1,1,,
3415111,341511,1,1,,
341512,34151,1,1,,
3415121,341512,1,1,,
34152,3415,1,1,,
34153,3415,1,1,,
34154,3415,1,1,,
341541,34154,1,1,,
341542,34154,1,1,,
3416,341,1,1,,
34161,3416,1,1,,
341621,34162,1,1,,
34162,3416,1,1,,
341622,34162,1,1,,
341623,34162,1,1,,
34163,3416,1,1,,
341631,34163,1,1,,
341632,34163,1,1,,
341633,34163,1,1,,
3417,341,1,1,,
34171,3417,1,1,,
341711,34171,1,1,,
34172,3417,1,1,,
3418,341,1,1,,
34181,3418,1,1,,
341811,34181,1,1,,
341812,34181,1,1,,
34182,3418,1,1,,
341821,34182,1,1,,
341822,34182,1,1,,
34183,3418,1,1,,
341831,34183,1,1,,
341832,34183,1,1,,
342,34,1,1,,
3421,342,1,1,,
34211,3421,1,1,,
342111,34211,1,1,,
3421111,342111,1,1,,0
34211111,3421111,1,1,,
342112,34211,1,1,,
34212,3421,1,1,,
3422,342,1,1,,
34221,3422,1,1,,
342211,34221,1,1,,
3422111,342211,1,1,,
3422112,342211,1,1,,
342212,34221,1,1,,
3422121,342212,1,1,,
3422122,342212,1,1,,
34222,3422,1,1,,
3423,342,1,1,,
343,34,1,1,,
3431,343,1,1,,
34311,3431,1,1,,
343111,34311,0,1,,
343112,34311,1,2,,
344,34,1,1,,
3441,344,1,1,,
3442,344,1,1,,
34421,3442,1,1,,
34422,3442,1,1,,
3443,344,1,1,,
34431,3443,1,1,,
344311,34431,1,1,,
3443111,344311,1,1,,
3443112,344311,1,1,,
344312,34431,1,1,,
3443121,344312,1,1,,
3443122,344312,1,1,,
34432,3443,1,1,,
344321,34432,1,1,,
3443211,344321,1,1,,
344322,34432,1,1,,
345,34,1,1,,
3451,345,1,1,,
34511,3451,1,1,,
345111,34511,1,1,,
34512,3451,1,1,,
345121,34512,1,1,,
345122,34512,1,1,,
346,34,1,1,,
3461,346,1,1,,
34611,3461,1,1,,
34612,3461,1,1,,
3462,346,1,1,,
34621,3462,1,1,,
346211,34621,1,1,,
346212,34621,1,1,,
35,3,2,2,,
351,35,1,1,,
3511,351,1,1,,
353,35,1,1,,
3531,353,1,1,,
35311,3531,1,1,,
353111,35311,1,1,,
3531111,353111,1,1,,
3531112,353111,1,1,,
353112,35311,1,1,,
3531121,353112,1,1,,
3532,353,1,1,,
35321,3532,1,1,,
353211,35321,1,1,,
3532111,353211,1,1,,1993
353212,35321,1,1,,
3533,353,1,1,,
35331,3533,1,1,,
353311,35331,1,1,,
353312,35331,1,1,,
35332,3533,1,1,,
353321,35332,1,1,,
354,35,1,1,,
3541,354,1,1,,
35411,3541,1,1,,
354111,35411,1,1,,
3541111,354111,1,1,,
354112,35411,1,1,,
35412,3541,1,1,,
354121,35412,1,1,,
3541211,354121,1,1,,
354122,35412,1,1,,
354123,35412,1,1,,
35413,3541,1,1,,
3542,354,1,1,,
35421,3542,1,1,,
354211,35421,1,1,,
354212,35421,1,1,,
35422,3542,1,1,,
354221,35422,1,1,,
354222,35422,1,1,,
3543,354,1,1,,
35431,3543,1,1,,
354311,35431,1,1,,
354312,35431,1,1,,
35432,3543,1,1,,
354321,35432,1,1,,
354322,35432,1,1,,
354323,35432,1,1,,
35433,3543,1,1,,
354331,35433,1,1,,
354332,35433,1,1,,
355,35,1,1,,
356,35,1,1,,
3561,356,1,1,,
35611,3561,1,1,,
356111,35611,1,1,,
356112,35611,1,1,,
35612,3561,1,1,,
3562,356,1,1,,
35621,3562,1,1,,
356211,35621,1,1,,
356212,35621,1,1,,
35622,3562,1,1,,
356221,35622,1,1,,0
3563,356,1,1,,
357,35,1,1,,
3571,357,1,1,,
35711,3571,1,1,,
35712,3571,1,1,,
357121,35712,1,1,,
3571211,357121,0,1,,202012
357122,35712,1,1,,
35713,3571,1,1,,
3572,357,1,1,,
35721,3572,1,1,,
35722,3572,1,1,,
357221,35722,1,1,,
357222,35722,1,1,,
357223,35722,1,1,,
35723,3572,1,1,,
357231,35723,1,1,,
357232,35723,1,1,,
357233,35723,1,1,,
4,,2,2,,
41,4,1,1,,
411,41,1,1,,
412,41,1,1,,
413,41,1,1,,
414,41,1,1,,
4141,414,1,1,,
4142,414,1,1,,
415,41,1,1,,
4151,415,1,1,,
4152,415,1,1,,
41521,4152,1,1,,
415211,41521,1,1,,
415212,41521,2,2,,
41522,4152,1,1,,
415221,41522,1,1,,
42,4,1,1,,
421,42,1,1,,
422,42,1,1,,
4221,422,1,1,,
42211,4221,1,1,,0
42212,4221,1,1,,10
422121,42212,1,1,,
4221211,422121,1,1,,
4221212,422121,1,1,,
4221213,422121,1,1,,
4221214,422121,0,3,,
422122,42212,1,1,,
4221221,422122,1,1,,
4221222,422122,1,1,,
4221223,422122,1,1,,
422123,42212,1,1,,
4221231,422123,1,1,,
422124,42212,1,1,,
422125,42212,2,2,,
422126,42212,2,2,,
4222,422,1,1,,
42221,4222,1,1,,
422211,42221,1,1,,
4222111,422211,1,1,,
4222112,422211,1,1,,
4222113,422211,1,1,,
42222,4222,1,1,,
422221,42222,1,1,,
422222,42222,1,1,,
42223,4222,1,1,,
422231,42223,1,1,,
422232,42223,1,1,,
422233,42223,1,1,,
4223,422,1,1,,
42231,4223,1,1,,
422311,42231,1,1,,
422312,42231,1,1,,
42232,4223,1,1,,
422321,42232,1,1,,
422322,42232,1,1,,
423,42,1,1,,
4231,423,1,1,,
42311,4231,1,1,,
423111,42311,1,1,,
42312,4231,1,1,,
423121,42312,1,1,,
423122,42312,1,1,,
4231221,423122,1,1,,
4231222,423122,1,1,,
423123,42312,1,1,,
4231231,423123,1,1,,
4231232,423123,1,1,,
4231233,423123,1,1,,
423124,42312,1,1,,
4231241,423124,1,1,,
42313,4231,1,1,,
423131,42313,1,1,,
4231311,423131,1,1,,
4231312,423131,2,2,,
4231313,423131,2,2,,
423132,42313,1,1,,
4231321,423132,1,1,,
4231322,423132,1,1,,
4231323,423132,1,1,,
423133,42313,1,1,,
4231331,423133,1,1,,
4231332,423133,1,1,,
42314,4231,1,1,,
423141,42314,1,1,,
4231411,423141,1,1,,
4231412,423141,1,1,,
4231413,423141,1,1,,
423142,42314,1,1,,
4231421,423142,1,1,,
4231422,423142,1,1,,
423143,42314,2,2,,
423144,42314,2,2,,
4231441,423144,1,1,,
4231442,423144,1,1,,
42315,4231,1,1,,
423151,42315,1,1,,
4231511,423151,1,1,,
4231512,423151,1,1,,
423152,42315,1,1,,
4231521,423152,1,1,,
4231522,423152,1,1,,
423153,42315,1,1,,
4231531,423153,1,1,,
4231532,423153,1,1,,
4231533,423153,1,1,,
4232,423,1,1,,
42321,4232,1,1,,
423211,42321,1,1,,
4232111,423211,1,1,,
423212,42321,1,1,,
42322,4232,1,1,,
423221,42322,1,1,,
4232211,423221,1,1,,
4232212,423221,1,1,,
4232213,423221,1,1,,
423222,42322,1,1,,
4232221,423222,1,1,,
423223,42322,1,1,,
4232231,423223,1,1,,
4232232,423223,1,1,,
4233,423,1,1,,
42331,4233,1,1,,
423311,42331,1,1,,
4233112,423311,1,1,,
423312,42331,1,1,,
4233121,423312,1,1,,
4233122,423312,1,1,Yes,2003
42332,4233,1,1,,
423321,42332,1,1,,
4233211,423321,1,1,,
4233212,423321,1,1,,
423322,42332,1,1,,
4233221,423322,1,1,,
4233222,423322,1,1,,
42333,4233,1,1,,
423331,42333,1,1,,
423332,42333,1,1,,
423333,42333,1,1,,
423334,42333,1,1,,
4234,423,1,1,,
42341,4234,1,1,,
423411,42341,1,1,,
4234111,423411,1,1,,
4234112,423411,1,1,,
4234113,423411,1,1,,
423412,42341,1,1,,
4234121,423412,1,1,,
4234122,423412,1,1,,
42342,4234,1,1,,
423421,42342,1,1,,
424,42,1,1,,
425,42,1,1,,
4251,425,1,1,,
42511,4251,1,1,,
425111,42511,1,1,,
4251111,425111,1,1,,
4251112,425111,1,1,,
425112,42511,1,1,,
4251121,425112,1,1,,
4251122,425112,1,1,,
4251123,425112,1,1,,
425113,42511,1,1,,
4251131,425113,1,1,,
4251132,425113,1,1,,
42512,4251,1,1,,
425121,42512,1,1,,
4251211,425121,1,1,,
425122,42512,1,1,,
4251221,425122,1,1,,
4251222,425122,1,1,,
4251223,425122,1,1,,
425123,42512,1,1,,
4252,425,1,1,,
42521,4252,1,1,,
42522,4252,1,1,,
425221,42522,1,1,,
425222,42522,1,1,,
4252221,425222,1,1,,
4252222,425222,2,2,,
425223,42522,1,1,,
4252231,425223,1,1,,
4252232,425223,1,1,,
4252233,425223,1,1,,
425224,42522,1,1,,
4252241,425224,1,1,,
4252242,425224,1,1,,
42523,4252,1,1,,
425231,42523,1,1,,
4252311,425231,1,1,,
4252312,425231,1,1,,
4252313,425231,1,1,,
425232,42523,1,1,,
4253,425,1,1,,
42531,4253,1,1,,
425311,42531,1,1,,0
425312,42531,2,2,,
42532,4253,1,1,,
425321,42532,1,1,,
425322,42532,1,1,,0
425323,42532,1,1,,0
4254,425,1,1,,
42541,4254,1,1,,
425411,42541,1,1,,
4254111,425411,1,1,,
4254112,425411,1,1,,
425412,42541,1,1,,
4254121,425412,1,1,,
4254122,425412,1,1,,
42542,4254,1,1,,
425421,42542,1,1,,
425422,42542,1,1,,
4254221,425422,1,1,,
4254222,425422,1,1,,
425423,42542,1,1,,
4254231,425423,1,1,,
42543,4254,1,1,,
425431,42543,1,1,,
425432,42543,2,2,,
4255,425,1,1,,
42551,4255,1,1,,
425511,42551,1,1,,
425512,42551,1,1,,
425513,42551,1,1,,
4256,425,1,1,,
42561,4256,1,1,,
425611,42561,1,1,,
425612,42561,1,1,,
425613,42561,1,1,,
42562,4256,1,1,,
425621,42562,1,1,,
425622,42562,1,1,,
425623,42562,1,1,,
42563,4256,1,1,,
425631,42563,1,1,,
425632,42563,1,1,,
4256321,425632,1,1,,
425633,42563,1,1,,
42564,4256,1,1,,
425641,42564,1,1,,
425642,42564,1,1,,
425643,42564,1,1,,
42565,4256,1,1,,
425651,42565,1,1,,
425652,42565,1,1,,
4257,425,1,1,,
42571,4257,1,1,,
425711,42571,1,1,,
425712,42571,1,1,,0
42572,4257,1,1,,
426,42,2,2,,
4261,426,1,1,,
4262,426,1,1,,
42621,4262,1,1,,
426211,42621,1,1,,
426212,42621,1,1,,
42622,4262,1,1,,
427,42,2,2,,
4271,427,1,1,,
42711,4271,1,1,,
427111,42711,1,1,,
42712,4271,1,1,,
427121,42712,1,1,,
427122,42712,1,1,,
4272,427,1,1,,
42721,4272,1,1,,
42722,4272,1,1,,
427221,42722,1,1,Yes,1984
427222,42722,1,1,,
427223,42722,1,1,,
428,42,2,2,,
4281,428,1,1,,
42811,4281,1,1,,
42812,4281,1,1,,
428121,42812,1,1,,
428122,42812,1,1,,
42813,4281,1,1,,
4282,428,1,1,,
42821,4282,1,1,,
42822,4282,1,1,,
428221,42822,1,1,,
428222,42822,1,1,,
429,42,2,2,,
4291,429,1,1,,
42911,4291,1,1,,
429111,42911,1,1,,
4291111,429111,1,1,,
4291112,429111,1,1,,
4291113,429111,1,1,,
429112,42911,1,1,,
4291121,429112,1,1,,
4291122,429112,1,1,,
4291123,429112,1,1,,
429113,42911,1,1,,
4291131,429113,1,1,,
4291132,429113,1,1,,
42912,4291,1,1,,
429121,42912,1,1,,
429122,42912,1,1,,
4291221,429122,1,1,,
4291222,429122,1,1,,
42913,4291,1,1,,
4292,429,1,1,,
42921,4292,1,1,,
429211,42921,1,1,Yes,181998
42922,4292,1,1,,
429221,42922,1,1,,
429222,42922,1,1,,
429223,42922,1,1,,
42923,4292,1,1,,
429231,42923,1,1,,
4293,429,1,1,,
42931,4293,1,1,,
429311,42931,1,1,,
42932,4293,1,1,,
429321,42932,1,1,,
42933,4293,1,1,,
4294,429,1,1,,
42941,4294,1,1,,
429411,42941,1,1,,
429412,42941,1,1,,
42942,4294,1,1,,
429421,42942,1,1,,
429422,42942,1,1,,
42943,4294,1,1,,
429431,42943,1,1,,
429432,42943,1,1,,
429433,42943,1,1,,
42944,4294,1,1,,
42A,42,2,2,,
43,4,1,1,,
431,43,1,1,,
432,43,1,1,,
4321,432,1,1,,
4322,432,1,1,,
43221,4322,1,1,,
432211,43221,1,1,,
4322111,432211,1,1,,0
4322112,432211,1,1,,0
432212,43221,1,1,,
4322121,432212,1,1,,
4322122,432212,1,1,,
4322123,432212,1,1,,
432213,43221,1,1,,
4322131,432213,1,1,,
43222,4322,1,1,,
432221,43222,1,1,,
4322211,432221,1,1,,
4322212,432221,2,2,,
432222,43222,1,1,,
4322221,432222,1,1,,
4322222,432222,1,1,,
43223,4322,1,1,,
432231,43223,2,2,,
4322311,432231,1,1,,
43223111,4322311,1,1,,
4322312,432231,1,1,,
4322313,432231,1,1,,
432232,43223,2,2,,
4322321,432232,1,1,,
4322322,432232,1,1,,192004
4323,432,1,1,,
43231,4323,1,1,,
432311,43231,1,1,,
432312,43231,1,1,,
43232,4323,1,1,,
432321,43232,1,1,,
432322,43232,1,1,,
43233,4323,1,1,,
432331,43233,1,1,,
4323311,432331,1,1,,
4323312,432331,1,1,,
432332,43233,1,1,,
4323321,432332,1,1,,
4323322,432332,1,1,,
4324,432,1,1,,
4325,432,1,1,,
43251,4325,1,1,,
432511,43251,1,1,,
43252,4325,1,1,,
432521,43252,1,1,,
4326,432,1,1,,
43261,4326,1,1,,
432611,43261,1,1,,
4327,432,1,1,,
43271,4327,1,1,,
432711,43271,1,1,,
432712,43271,1,1,,
432713,43271,1,1,,
43272,4327,1,1,,
4328,432,1,1,,
43281,4328,1,1,,
43282,4328,1,1,,
432821,43282,1,1,,
43283,4328,1,1,,
432831,43283,1,1,,
432832,43283,1,1,,
432833,43283,1,1,,
43284,4328,1,1,,
432841,43284,0,1,,2
432842,43284,1,2,,
433,43,1,1,,
4331,433,1,1,,
43311,4331,1,1,,
433111,43311,1,1,,
4331111,433111,1,1,,
4331112,433111,1,1,,
4331113,433111,1,1,,
4331114,433111,1,1,,
4331115,433111,1,1,,
4331116,433111,1,1,,
43312,4331,1,1,,
433121,43312,1,1,,
4331211,433121,1,1,,
4331212,433121,1,1,,
433122,43312,1,1,,
434,43,1,1,,
4341,434,1,1,,
4342,434,1,1,,
4343,434,1,1,,
43431,4343,1,1,,
434311,43431,1,1,,
4343111,434311,1,1,,
434312,43431,1,1,,
4343121,434312,1,1,,
43432,4343,1,1,,
434321,43432,1,1,,
43433,4343,1,1,,
434331,43433,1,1,,
434332,43433,1,1,,
43434,4343,1,1,,
434341,43434,1,1,,
435,43,1,1,,
4351,435,1,1,,
4352,435,1,1,,
436,43,1,1,,
437,43,2,2,,
438,43,2,2,,
4381,438,1,1,,
43811,4381,1,1,,
438111,43811,1,1,,
43812,4381,1,1,,
4382,438,1,1,,
43821,4382,1,1,,
438212,43821,3,3,,
438213,43821,3,3,,
43822,4382,1,1,,
438221,43822,1,1,,
438222,43822,1,1,,
439,43,2,2,,
43A,43,2,2,,
43B,43,2,2,,
43B1,43B,1,1,,
43B11,43B1,1,1,,
43B111,43B11,1,1,,
43B12,43B1,1,1,,
43B121,43B12,1,1,,
43B122,43B12,1,1,,
43B123,43B12,1,1,,
43B2,43B,1,1,,
43B21,43B2,1,1,,
43B22,43B2,1,1,,
43B23,43B2,1,1,,
43B231,43B23,1,1,,
43B232,43B23,1,1,,
43B3,43B,1,1,,
43B31,43B3,1,1,,
43B311,43B31,1,1,,
43B312,43B31,1,1,,
43B32,43B3,1,1,,
43C,43,2,2,,
43C1,43C,1,1,,
43C11,43C1,1,1,,
43C111,43C11,2,2,,
43C12,43C1,1,1,,
44,4,1,1,,
441,44,1,1,,
4411,441,1,1,,
44111,4411,2,2,,
441111,44111,1,1,,
44112,4411,2,2,,
44113,4411,2,2,,
4412,441,1,1,,
44121,4412,1,1,,
441211,44121,1,1,,
44122,4412,1,1,,
44123,4412,1,1,,
441231,44123,1,1,,
441232,44123,1,1,,
4413,441,1,1,,
44131,4413,1,1,,
441311,44131,1,1,,
441312,44131,2,2,,
44132,4413,1,1,,
441321,44132,1,1,,
441322,44132,1,1,,
441323,44132,1,1,,
44133,4413,1,1,,
44134,4413,1,1,,
442,44,1,1,,
443,44,1,1,,
444,44,1,1,,
445,44,1,1,,
4451,445,1,1,,
44511,4451,1,1,Yes,1968
44512,4451,1,1,Yes,1968
44513,4451,1,1,Yes,1968
445131,44513,1,1,,
445132,44513,1,1,,
4451321,445132,1,1,,
4451322,445132,1,1,,
445133,44513,2,1,,
44514,4451,1,1,Yes,1968
4452,445,1,1,,
44521,4452,1,1,,
445211,44521,1,1,,
445212,44521,1,1,,
4452121,445212,1,1,,
4453,445,1,1,,
44531,4453,1,1,,
445311,44531,1,1,,
445312,44531,1,1,,
44532,4453,1,1,,
445321,44532,1,1,,
445322,44532,1,1,,
446,44,1,1,,
45,4,1,1,,
46,4,1,1,,
47,4,1,1,,
471,47,1,1,,
4711,471,1,1,,
47111,4711,1,1,,
471111,47111,1,1,,
471112,47111,1,1,,
471113,47111,2,2,,
471114,47111,2,2,,
47112,4711,1,1,,
471121,47112,1,1,,
4711211,471121,1,1,,
471122,47112,1,1,,
471123,47112,2,2,,
471124,47112,2,2,,
471125,47112,2,2,,
47113,4711,1,1,,
471131,47113,1,1,,
471132,47113,1,1,,
471133,47113,1,1,,
471134,47113,1,1,,
471135,47113,1,1,,
471136,47113,1,1,,
471137,47113,1,1,,
47114,4711,1,1,,
471141,47114,1,1,Yes,261996
471142,47114,1,1,,
4712,471,1,1,,
47121,4712,1,1,,
471211,47121,1,1,,0
471212,47121,1,1,,0
4712121,471212,1,1,,
4712122,471212,1,1,,
471213,47121,1,1,,0
471214,47121,2,2,,
471215,47121,2,2,,
47122,4712,1,1,,
47123,4712,1,1,,
471231,47123,1,1,,
471232,47123,1,1,,
472,47,1,1,,
4721,472,1,1,,
47211,4721,1,1,,
472111,47211,1,1,,
472112,47211,1,1,,
4721121,472112,1,1,,
4721122,472112,1,1,,
47212,4721,1,1,,
47213,4721,1,1,,
472131,47213,1,1,,
4721311,472131,1,1,,
472132,47213,1,1,,
4721321,472132,1,1,,
4721322,472132,1,1,,
4722,472,1,1,,
47221,4722,1,1,,
472211,47221,1,1,,
472212,47221,1,1,,
47222,4722,1,1,,
472221,47222,1,1,,
472222,47222,1,1,,
472223,47222,1,1,,
472224,47222,1,1,,
472225,47222,1,1,,
47223,4722,1,1,,
472231,47223,1,1,,
472232,47223,1,1,,
472233,47223,1,1,,
473,47,1,1,,
4731,473,1,1,,
47311,4731,1,1,,
473111,47311,1,1,,
47312,4731,1,1,,
4732,473,1,1,,
47321,4732,1,1,Yes,111973
4733,473,1,1,,
47331,4733,1,1,,
47332,4733,1,1,,
474,47,1,1,,
4741,474,1,1,,
47411,4741,1,1,,
474111,47411,1,1,,
474112,47411,1,1,,
47412,4741,1,1,,
474121,47412,1,1,,
474122,47412,1,1,,
47413,4741,1,1,,
474131,47413,1,1,,
474132,47413,1,1,,
4742,474,1,1,,
47421,4742,1,1,,
474211,47421,1,1,,
474212,47421,1,1,,
47422,4742,1,1,,
474221,47422,1,1,,
474222,47422,1,1,,
474223,47422,1,1,,
4743,474,1,1,,
4744,474,1,1,,
47441,4744,1,1,,2000
475,47,1,1,,
4751,475,1,1,,
47511,4751,1,1,,
47512,4751,1,1,,
475121,47512,1,1,,
475122,47512,1,1,,
475123,47512,1,1,,
47513,4751,1,1,,
475131,47513,1,1,,
4752,475,1,1,,
47521,4752,1,1,,
475211,47521,1,1,,
47522,4752,1,1,,
475221,47522,1,1,,
475222,47522,1,1,,
4753,475,1,1,,
476,47,1,1,,
4761,476,1,1,,
47611,4761,1,1,,1997
477,47,1,1,,
478,47,1,1,,
4781,478,1,1,,
47811,4781,1,1,,
478111,47811,1,1,,
478112,47811,1,1,,
47812,4781,1,1,,
478121,47812,1,1,,
478122,47812,1,1,,
4782,478,1,1,,
47821,4782,1,1,,
48,4,1,1,,
481,48,1,1,,
4811,481,1,1,,
48111,4811,1,1,,
48112,4811,1,1,,
481121,48112,1,1,,
4811211,481121,1,1,,
4811212,481121,2,2,,
4812,481,1,1,,
48121,4812,1,1,,
481211,48121,1,1,,
4812111,481211,1,1,,
4812112,481211,2,2,,
4812113,481211,2,2,,
481212,48121,1,1,,
4812121,481212,1,1,,
4812122,481212,1,1,,
4812123,481212,1,1,,
481213,48121,1,1,,
4812131,481213,1,1,,
4812132,481213,1,1,,
48122,4812,1,1,,
481221,48122,1,1,,
4812211,481221,2,2,,
48123,4812,1,1,,
481231,48123,1,1,,
4812311,481231,1,1,,
4812312,481231,1,1,,
4812313,481231,1,1,,
4812314,481231,1,1,,
4812315,481231,1,1,,
481232,48123,1,1,,
4812321,481232,1,1,,
4812322,481232,2,2,,
4812323,481232,2,2,,
481233,48123,2,2,,
481234,48123,2,2,,
4812341,481234,1,1,,
481235,48123,2,2,,
4812351,481235,1,1,,
48124,4812,1,1,,
481241,48124,1,1,,
4812411,481241,0,1,,
4812412,481241,1,2,,
4812413,481241,1,2,,
481242,48124,1,1,,
4812421,481242,1,1,,
4812422,481242,1,1,,
4813,481,1,1,,
48131,4813,1,1,,
481311,48131,1,1,,
4813111,481311,1,1,,
48131111,4813111,1,1,,
4813112,481311,2,2,,
481312,48131,1,1,,
4813121,481312,0,1,,
4813122,481312,0,1,,
48132,4813,1,1,,
481321,48132,1,1,,
4813211,481321,1,1,,0
4813212,481321,1,1,,
481322,48132,1,1,,
4813221,481322,1,1,,
481323,48132,1,1,,
481324,48132,2,2,,
48133,4813,1,1,,
4814,481,1,1,,
48141,4814,1,1,,
481411,48141,1,1,,
481412,48141,1,1,,
481413,48141,1,1,,
4814131,481413,1,1,,
4814132,481413,1,1,,
48142,4814,1,1,,
481421,48142,1,1,,
48143,4814,1,1,,
481431,48143,1,1,,
481432,48143,1,1,,
4815,481,1,1,,
48151,4815,1,1,,
48152,4815,1,1,,
481521,48152,1,1,,
482,48,1,1,,
4821,482,1,1,,
48211,4821,1,1,,
482111,48211,1,1,,
482112,48211,1,1,,
48212,4821,1,1,,
48213,4821,1,1,,
482131,48213,1,1,,
483,48,1,1,,
4831,483,1,1,,
4832,483,1,1,,
48321,4832,1,1,,
483211,48321,1,1,,
483212,48321,1,1,,
48322,4832,1,1,,
483221,48322,1,1,,
483222,48322,1,1,,
4833,483,1,1,,
48331,4833,1,1,,0
483311,48331,1,1,,0
483312,48331,2,2,,
48332,4833,1,1,,0
483321,48332,1,1,,
483322,48332,1,1,,
483323,48332,1,1,,
4834,483,1,1,,
48341,4834,1,1,,
483411,48341,1,1,,
483412,48341,0,3,,
48342,4834,1,1,,
48343,4834,1,1,,
483431,48343,1,1,,
483432,48343,1,1,,
484,48,1,1,,
4841,484,1,1,,
48411,4841,1,1,,
484111,48411,1,1,,
484112,48411,1,1,,
4841121,484112,1,1,,
4841122,484112,1,1,,
484113,48411,1,1,,
4841131,484113,1,1,,
48412,4841,1,1,,
484121,48412,1,1,,
4841211,484121,1,1,,
484122,48412,1,1,,
4842,484,1,1,,
48421,4842,1,1,,
484211,48421,1,1,,
485,48,1,1,,
486,48,1,1,,
487,48,1,1,,
4871,487,1,1,yes,1945
48711,4871,1,1,,
487111,48711,1,1,,
48712,4871,1,1,,
487121,48712,1,1,,
488,48,1,1,,
4881,488,1,1,,
48811,4881,1,1,,
48812,4881,1,1,,
489,48,1,1,,
4891,489,1,1,,
48911,4891,1,1,,
489111,48911,1,1,,
489112,48911,1,1,,
489113,48911,1,1,,
48912,4891,1,1,,
489121,48912,1,1,,
489122,48912,1,1,,
489123,48912,1,1,,
48913,4891,1,1,,
48914,4891,1,1,,
48915,4891,1,1,,
48A,48,1,1,,
48B,48,1,1,,
48B1,48B,1,1,,
48B11,48B1,1,1,,
48B2,48B,1,1,,
48C,48,1,1,,
48C1,48C,1,1,,
48C2,48C,1,1,,
48C21,48C2,1,1,,
48C211,48C21,1,1,,
48C212,48C21,1,1,,
48C213,48C21,1,1,,
48C22,48C2,1,1,,
48C221,48C22,1,1,,
48C222,48C22,1,1,,
48C3,48C,1,1,,
48C31,48C3,1,1,,
48C32,48C3,1,1,,
49,4,1,1,,
491,49,1,1,,
492,49,1,1,,
4921,492,1,1,,
49211,4921,1,1,,
49212,4921,1,1,,
492121,49212,1,1,,
49213,4921,1,1,,
492131,49213,1,1,,
4922,492,1,1,,
49221,4922,1,1,,
492211,49221,1,1,,
4922111,492211,0,1,,
492212,49221,1,1,,
49222,4922,1,1,,
49223,4922,1,1,,
492231,49223,1,1,,
492232,49223,1,1,,
4923,492,1,1,,
49231,4923,1,1,,
492311,49231,1,1,,
492312,49231,1,1,,
492313,49231,1,1,,
49232,4923,1,1,,
492321,49232,1,1,,
492322,49232,1,1,,
4924,492,1,1,,
49241,4924,1,1,,
492411,49241,1,1,,
492412,49241,1,1,,
49242,4924,1,1,,
492421,49242,1,1,,
49243,4924,1,1,,
492431,49243,1,1,,
492432,49243,1,1,,
4925,492,1,1,,
49251,4925,1,1,,
4926,492,1,1,,
49261,4926,1,1,,
49262,4926,1,1,,
492621,49262,1,1,,
492622,49262,1,1,,
492623,49262,1,1,,
493,49,1,1,,
4931,493,1,1,,
49311,4931,1,1,,
49312,4931,1,1,,
493121,49312,1,1,,
493122,49312,1,1,,
49313,4931,1,1,,
493131,49313,1,1,,
493132,49313,1,1,,
493133,49313,2,2,,
4932,493,1,1,,
49321,4932,1,1,,
49322,4932,1,1,,
4933,493,1,1,,
49331,4933,1,1,,
49332,4933,1,1,,
49333,4933,1,1,,
4934,493,1,1,,
49341,4934,1,1,,
493411,49341,1,1,,
49342,4934,1,1,,
494,49,1,1,,
4941,494,1,1,,
49411,4941,1,1,,
494111,49411,1,1,,
494112,49411,1,1,,
494113,49411,1,1,,
494114,49411,1,1,,
494115,49411,1,1,,
494116,49411,1,1,,
494117,49411,1,1,,
494118,49411,1,1,,
494119,49411,1,1,,
49411A,49411,1,1,,
49412,4941,1,1,,
494121,49412,1,1,,
494122,49412,1,1,,
494123,49412,1,1,,
494124,49412,1,1,,
4942,494,1,1,,
49421,4942,1,1,,
494211,49421,1,1,,
494212,49421,1,1,,
494213,49421,1,1,,
494214,49421,1,1,,
49422,4942,1,1,,
494221,49422,1,1,,
494222,49422,1,1,,
494223,49422,1,1,,
49423,4942,1,1,,
494231,49423,1,1,,
494232,49423,1,1,,
494233,49423,1,1,,
494234,49423,1,1,,
4A,4,2,2,,
4A1,4A,1,1,,
4A11,4A1,1,1,,
4A111,4A11,1,1,,
4A1111,4A111,1,1,,
4A2,4A,1,1,,
4A3,4A,1,1,,
4A31,4A3,1,1,,
4A311,4A31,1,1,,
4A3111,4A311,1,1,,
4A312,4A31,1,1,,
4A3121,4A312,1,1,,
4A3122,4A312,1,1,,
4A32,4A3,1,1,,
4A321,4A32,1,1,,
4A3211,4A321,1,1,,
4A322,4A32,1,1,,0
4A323,4A32,1,1,,0
4A3231,4A323,1,1,,
4A3232,4A323,1,1,,
4A4,4A,1,1,,
4A41,4A4,1,1,,
4A42,4A4,1,1,,
4A421,4A42,1,1,,
4A422,4A42,1,1,,
4A43,4A4,1,1,,
4A431,4A43,2,2,,
4A432,4A43,2,2,,
4A5,4A,1,1,,
4A6,4A,1,1,,
4A61,4A6,1,1,,
4A611,4A61,1,1,,
4A6111,4A611,1,1,,
4A6112,4A611,1,1,,
4A612,4A61,1,1,,
4A6121,4A612,1,1,,
4A6122,4A612,1,1,,
4A6123,4A612,1,1,,
4A62,4A6,1,1,,
4A621,4A62,1,1,,
4A622,4A62,2,2,,281985
4A6221,4A622,0,1,,
4A63,4A6,1,1,,
4A631,4A63,1,1,,
4A632,4A63,1,1,,
4A6321,4A632,1,1,,
4A6322,4A632,1,1,,
4A633,4A63,1,1,,
4A6331,4A633,1,1,,
4A6332,4A633,1,1,,
4A7,4A,1,1,,
4A71,4A7,1,1,,
5,,2,2,,
51,5,1,1,,
511,51,1,1,,
5111,511,1,1,,
51111,5111,1,1,,
511111,51111,1,1,,0
51112,5111,2,2,,
51113,5111,2,2,,
511131,51113,1,1,,
5112,511,1,1,,
51121,5112,1,1,,
511211,51121,1,1,,
5112111,511211,1,1,,
5112112,511211,1,1,,
511212,51121,1,1,,
5112121,511212,1,1,,
511213,51121,1,1,,
51122,5112,1,1,,
511221,51122,1,1,,
5112211,511221,1,1,,
511222,51122,1,1,,
5112221,511222,1,1,,
5113,511,1,1,,
51131,5113,1,1,,
511311,51131,1,1,,
511312,51131,1,1,,
5114,511,1,1,,
51141,5114,1,1,,
511411,51141,1,1,,
5114111,511411,1,1,,
5114112,511411,1,1,,
511412,51141,1,1,,
5114121,511412,1,1,,
5114122,511412,1,1,,
5114123,511412,1,1,,
511413,51141,1,1,,
5114131,511413,1,1,,
5114132,511413,1,1,,
5114133,511413,1,1,,
511414,51141,1,1,,
51142,5114,1,1,,
511421,51142,1,1,,
5114211,511421,1,1,,
5114212,511421,1,1,,
511422,51142,1,1,,0
5114221,511422,1,1,,
5114222,511422,1,1,,
511423,51142,1,1,,
5114231,511423,1,1,,
5114232,511423,1,1,,
51143,5114,1,1,,
511431,51143,1,1,,
511432,51143,1,1,,
5115,511,1,1,,
51151,5115,1,1,,
511511,51151,1,1,,
5116,511,1,1,,
51161,5116,1,1,,
511611,51161,1,1,,
511612,51161,1,1,,
51162,5116,1,1,,
511621,51162,2,2,,
511622,51162,2,2,,
512,51,1,1,,
5121,512,1,1,,
51211,5121,1,1,,
512111,51211,2,2,,
51212,5121,1,1,,
512121,51212,1,1,,
512122,51212,1,1,,
51213,5121,1,1,,
512131,51213,1,1,,
5121311,512131,1,1,,
5121312,512131,1,1,,
512132,51213,1,1,,
512133,51213,1,1,,
51214,5121,1,1,,
512141,51214,1,1,,
512142,51214,1,1,,
5122,512,1,1,,
51221,5122,1,1,,
512211,51221,2,2,,
512212,51221,2,2,,
51222,5122,1,1,,
512221,51222,1,1,,
512222,51222,1,1,,
513,51,1,1,,
514,51,1,1,,
515,51,1,1,,
5151,515,1,1,,
51511,5151,1,1,,
515111,51511,1,1,,
515112,51511,1,1,,
51512,5151,1,1,,
515121,51512,1,1,,
5151211,515121,1,1,,
51512111,5151211,1,1,,
5151212,515121,2,2,,
515122,51512,1,1,,
51513,5151,1,1,,
515131,51513,1,1,,
515132,51513,1,1,,
51514,5151,1,1,,
515141,51514,1,1,,
515142,51514,1,1,,
5152,515,1,1,,
51521,5152,1,1,,
51522,5152,1,1,,
515221,51522,1,1,,
515222,51522,1,1,,
51523,5152,1,1,,
515231,51523,1,1,,
515232,51523,1,1,,
515233,51523,1,1,,
5153,515,1,1,,
51531,5153,1,1,,
515311,51531,2,2,,
5153111,515311,2,2,,
515312,51531,2,2,,
515313,51531,2,2,,
51532,5153,1,1,,
515321,51532,1,1,,
515322,51532,1,1,,
5153221,515322,1,1,,
5153222,515322,1,1,,
515323,51532,1,1,,
5153231,515323,1,1,,
51533,5153,1,1,,
515331,51533,1,1,,
515332,51533,1,1,,
515333,51533,1,1,,
51534,5153,1,1,,
515341,51534,1,1,,
515342,51534,1,1,,
515343,51534,1,1,,
516,51,1,1,,
517,51,1,1,,
5171,517,1,1,,
51711,5171,1,1,,
517111,51711,1,1,,
517112,51711,1,1,,
517113,51711,1,1,,
517114,51711,1,1,,
51712,5171,1,1,,
517121,51712,1,1,,
517122,51712,1,1,,
5172,517,1,1,,
51721,5172,1,1,,
517211,51721,1,1,,
517212,51721,1,1,,
517213,51721,1,1,,
51722,5172,1,1,,
517221,51722,1,1,,
5173,517,1,1,,
51731,5173,1,1,,
517311,51731,1,1,,
517312,51731,1,1,,
51732,5173,1,1,,
517321,51732,1,1,,
5174,517,1,1,,
518,51,1,1,,
5181,518,1,1,,
51811,5181,1,1,,
518111,51811,2,2,,
51812,5181,1,1,,
518121,51812,1,1,,
518122,51812,1,1,,
5182,518,1,1,,
51821,5182,1,1,,
51822,5182,1,1,,
518221,51822,1,1,,
518222,51822,1,1,,
518223,51822,1,1,,
51823,5182,1,1,,
5183,518,1,1,,
51831,5183,1,1,,
51832,5183,1,1,,
51833,5183,2,2,Yes,0
518331,51833,1,1,,
5184,518,1,1,,
51841,5184,1,1,,
518411,51841,1,1,,
518412,51841,1,1,,
518413,51841,1,1,,
518414,51841,1,1,,
51842,5184,1,1,,
518421,51842,1,1,,
51843,5184,1,1,,
5185,518,1,1,,
51851,5185,1,1,,
51852,5185,1,1,,
519,51,1,1,,
51A,51,1,1,,
51B,51,1,1,,
51C,51,1,1,,
51D,51,1,1,,
51D1,51D,1,1,,
51E,51,1,1,,
52,5,1,1,,
521,52,1,1,,
5211,521,1,1,,
52111,5211,1,1,,
521111,52111,1,1,,
521112,52111,1,1,,
52112,5211,1,1,,
521121,52112,1,1,,
521122,52112,1,1,,
52113,5211,1,1,,
5212,521,1,1,,
52121,5212,1,1,,
521211,52121,1,1,,0
521212,52121,1,1,,0
521213,52121,1,1,,
52122,5212,1,1,,
521221,52122,1,1,,
521222,52122,1,1,,
521223,52122,1,1,,
522,52,1,1,,
523,52,1,1,,
5231,523,1,1,,
5232,523,1,1,,
52321,5232,1,1,,
523211,52321,1,1,,
523212,52321,1,1,,
52322,5232,1,1,,
523221,52322,1,1,,
5232211,523221,1,1,,
5232212,523221,1,1,,
523222,52322,1,1,,
5232221,523222,1,1,,
5232222,523222,1,1,,
5232223,523222,1,1,,
523223,52322,1,1,,
5232231,523223,1,1,Yes,252009
52323,5232,1,1,,
523231,52323,1,1,,
5232311,523231,2,2,,
5232312,523231,2,2,,
523232,52323,1,1,,
5232321,523232,1,1,,
5232322,523232,1,1,,
52324,5232,1,1,,
523241,52324,1,1,,
523242,52324,1,1,,
5233,523,1,1,,
5234,523,1,1,,
52341,5234,1,1,,
523411,52341,1,1,,
523412,52341,1,1,,
523413,52341,1,1,,
523415,52341,1,1,,
523414,52341,1,1,,
52342,5234,1,1,,
52343,5234,1,1,,
523431,52343,1,1,,
523432,52343,1,1,,
5235,523,1,1,,
5236,523,1,1,,
52361,5236,1,1,,
523611,52361,1,1,,
523612,52361,1,1,,
523613,52361,1,1,,
52362,5236,1,1,,
523621,52362,1,1,,
523622,52362,1,1,,
5237,523,1,1,,
52371,5237,1,1,,
523711,52371,1,1,,
523712,52371,1,1,,
523713,52371,1,1,,
52372,5237,1,1,,
52373,5237,1,1,,
523731,52373,1,1,,
523732,52373,1,1,,
524,52,1,1,,
5241,524,1,1,,
52411,5241,1,1,,
524111,52411,1,1,,
524112,52411,1,1,,
525,52,1,1,,
5251,525,1,1,,
52511,5251,1,1,,
525111,52511,1,1,,
5251111,525111,1,1,,
5251112,525111,1,1,,
525112,52511,1,1,,
5251121,525112,1,1,,
5251122,525112,1,1,,
525113,52511,1,1,,
52512,5251,1,1,,
525121,52512,1,1,,
5251211,525121,1,1,,
5251212,525121,1,1,,
525122,52512,1,1,,
525123,52512,1,1,,
5251231,525123,1,1,,
52513,5251,1,1,,
525131,52513,1,1,,
525132,52513,1,1,,
5251321,525132,1,1,,
525133,52513,1,1,,
5252,525,1,1,,
52521,5252,1,1,,
525211,52521,1,1,,
525212,52521,1,1,,
5252121,525212,1,1,,
52522,5252,1,1,,
525221,52522,1,1,,
525222,52522,1,1,,
5252221,525222,1,1,,
52523,5252,1,1,,
5253,525,1,1,,
52531,5253,1,1,,
525311,52531,1,1,,
5253111,525311,1,1,,
5253112,525311,1,1,,
525312,52531,1,1,,
5253121,525312,1,1,,
5253122,525312,1,1,,
5253123,525312,1,1,,
52532,5253,1,1,,
525321,52532,1,1,,
5253211,525321,1,1,,
525322,52532,1,1,,
5253221,525322,0,1,,
525323,52532,1,1,,
5254,525,1,1,,
52541,5254,1,1,,
525411,52541,1,1,,
525412,52541,1,1,,
52542,5254,1,1,,
525421,52542,1,1,,
525422,52542,1,1,,
5255,525,1,1,,
52551,5255,1,1,,
525511,52551,1,1,,
5255111,525511,1,1,,
525512,52551,1,1,,
52552,5255,1,1,,
525521,52552,1,1,,
5255211,525521,1,1,,
5255212,525521,1,1,,
525522,52552,1,1,,
52553,5255,1,1,,
525531,52553,1,1,,
525532,52553,1,1,,
525533,52553,1,1,,
526,52,1,1,,
527,52,1,1,,
5271,527,1,1,,
52711,5271,1,1,,
527111,52711,1,1,,
527112,52711,1,1,,
527113,52711,2,2,,
52712,5271,1,1,,
527121,52712,1,1,,
5271211,527121,1,1,,
527122,52712,1,1,,
5271221,527122,1,1,,
52713,5271,1,1,,
527131,52713,1,1,,
527132,52713,1,1,,
528,52,1,1,,
5281,528,1,1,,
52811,5281,1,1,,
528111,52811,1,1,,
52812,5281,1,1,,
528121,52812,1,1,,
528122,52812,1,1,,
5282,528,1,1,,
5283,528,1,1,,
52831,5283,1,1,,
528311,52831,1,1,,
5283111,528311,1,1,,
528312,52831,1,1,,
52832,5283,1,1,,
52833,5283,1,1,,
528331,52833,1,1,,
5283311,528331,1,1,,
528332,52833,1,1,,
528333,52833,1,1,,
5284,528,1,1,,
52841,5284,1,1,,
528411,52841,1,1,,
528412,52841,1,1,,
5284121,528412,1,1,,
52842,5284,1,1,,
528421,52842,1,1,,
528422,52842,1,1,,
5285,528,1,1,,
52851,5285,1,1,,
528511,52851,1,1,,
5285111,528511,1,1,,
5285112,528511,1,1,,
528512,52851,1,1,,
528513,52851,1,1,,
5285131,528513,1,1,,
5285132,528513,1,1,,
528514,52851,1,1,,
5285141,528514,1,1,,
52852,5285,1,1,,
52853,5285,1,1,,
528531,52853,1,1,,
528532,52853,1,1,,
529,52,1,1,,
52A,52,1,1,,
52A1,52A,1,1,,
52A2,52A,1,1,,
52A21,52A2,1,1,,
52A211,52A21,1,1,,
52A22,52A2,1,1,,
52A221,52A22,1,1,,
52A222,52A22,1,1,,
52A223,52A22,1,1,,
53,5,1,1,,
54,5,1,1,,
55,5,1,1,,
551,55,1,1,,
552,55,1,1,,
5521,552,1,1,,
55211,5521,1,1,,
55212,5521,1,1,,
55213,5521,1,1,,
552131,55213,2,2,,
55214,5521,1,1,,
55215,5521,1,1,,
552151,55215,1,1,,
552152,55215,1,1,,
552153,55215,1,1,,
553,55,1,1,,
5531,553,1,1,,
55311,5531,1,1,,
553111,55311,1,1,,
5531111,553111,1,1,,
5531112,553111,1,1,,
553112,55311,1,1,,
553113,55311,1,1,,
55312,5531,1,1,,
553121,55312,1,1,,
55313,5531,1,1,,
553131,55313,1,1,,
553132,55313,1,1,,
554,55,1,1,,
5541,554,1,1,,
55411,5541,1,1,,
554111,55411,1,1,,
554112,55411,1,1,,
55412,5541,1,1,,
555,55,1,1,,
556,55,1,1,,
5561,556,1,1,,
557,55,1,1,,
5571,557,1,1,,
55711,5571,1,1,,
557111,55711,2,2,,
55712,5571,1,1,,
557121,55712,1,1,,
557122,55712,1,1,,
55713,5571,1,1,,
557131,55713,1,1,,
557132,55713,1,1,,
557133,55713,1,1,,
5572,557,1,1,,
55721,5572,1,1,,
557211,55721,1,1,,
557212,55721,1,1,,
55722,5572,1,1,,
557221,55722,1,1,,
557222,55722,2,2,,
557223,55722,2,2,,
558,55,1,1,,
5581,558,1,1,,
55811,5581,1,1,,
55812,5581,1,1,,
5582,558,1,1,,
55821,5582,1,1,,
559,55,1,1,,
5591,559,1,1,,
55911,5591,1,1,,
559111,55911,1,1,,
559112,55911,1,1,,
559113,55911,1,1,,
55912,5591,1,1,,
559121,55912,1,1,,
559122,55912,1,1,,
559123,55912,1,1,,
5592,559,1,1,,
55921,5592,1,1,,0
5593,559,1,1,,
55931,5593,1,1,,
56,5,1,1,,
561,56,1,1,,
5611,561,1,1,,
56111,5611,1,1,,
56112,5611,1,1,,
56113,5611,1,1,,
5612,561,1,1,,
56121,5612,1,1,,
561211,56121,1,1,,
561212,56121,1,1,,
561213,56121,1,1,,
56122,5612,1,1,,
562,56,1,1,,
5621,562,1,1,,
56211,5621,1,1,,0
562111,56211,2,2,,
562112,56211,2,2,,
56212,5621,1,1,,0
56213,5621,2,2,,
562131,56213,1,1,,
562132,56213,2,2,,
562133,56213,2,2,,
562134,56213,2,2,,
563,56,1,1,,
564,56,1,1,,
565,56,1,1,,
566,56,1,1,,
5661,566,1,1,,
56611,5661,1,1,,
56612,5661,1,1,,
56613,5661,1,1,,
56614,5661,1,1,,
5662,566,1,1,,
56621,5662,1,1,,
56622,5662,1,1,,
5663,566,1,1,,
57,5,1,1,,
571,57,1,1,,
5711,571,1,1,,
57111,5711,1,1,,
57112,5711,1,1,,
5712,571,1,1,,
57121,5712,1,1,,
571211,57121,1,1,,
571212,57121,1,1,,
57122,5712,1,1,,
571221,57122,1,1,,
57123,5712,1,1,,
571231,57123,1,1,,
572,57,1,1,,
573,57,1,1,,
5731,573,1,1,,
57311,5731,1,1,,
573111,57311,1,1,,
573112,57311,1,1,,
57312,5731,1,1,,
57313,5731,1,1,,
574,57,1,1,,
5741,574,1,1,,
57411,5741,1,1,,
574111,57411,1,1,,
574112,57411,1,1,,
574113,57411,1,1,,
57412,5741,1,1,,
574121,57412,1,1,,
574122,57412,1,1,,
574123,57412,1,1,,
5742,574,1,1,,
57421,5742,1,1,,
574211,57421,1,1,,
574212,57421,1,1,,
57422,5742,1,1,,
58,5,1,1,,
581,58,1,1,,
5811,581,1,1,,
58111,5811,1,1,,
581111,58111,1,1,,
581112,58111,1,1,,
58112,5811,1,1,,
581121,58112,1,1,,
581122,58112,1,1,,
58113,5811,1,1,,
581131,58113,2,2,,
581132,58113,2,2,,
58114,5811,1,1,,
581141,58114,1,1,,
581142,58114,1,1,,
582,58,1,1,,
59,5,1,1,,
591,59,1,1,,
5911,591,1,1,,
59111,5911,1,1,,
591111,59111,1,1,,
59112,5911,1,1,,
591121,59112,1,1,,
591122,59112,1,1,,
59113,5911,1,1,,
591131,59113,1,1,,
591132,59113,1,1,,
59114,5911,1,1,,
5912,591,1,1,,
59121,5912,1,1,,
591211,59121,1,1,,
591212,59121,1,1,,
591213,59121,1,1,,
591214,59121,1,1,,
59122,5912,1,1,,
591221,59122,1,1,,
59123,5912,1,1,,
591231,59123,1,1,,
591232,59123,1,1,,
591233,59123,1,1,,
592,59,1,1,,0
5921,592,1,1,,
5922,592,1,1,,
59221,5922,1,1,,
592211,59221,1,1,,
592212,59221,1,1,,
59222,5922,1,1,,
592221,59222,1,1,,
592222,59222,1,1,,
592223,59222,1,1,,
593,59,1,1,,
594,59,1,1,,
5941,594,1,1,,
5942,594,1,1,,
59421,5942,1,1,,
5A,5,1,1,,
5B,5,1,1,,
5B1,5B,1,1,,
5B11,5B1,1,1,,
5B111,5B11,1,1,,
5B12,5B1,1,1,,
5B121,5B12,1,1,,
5B122,5B12,1,1,,
5B13,5B1,1,1,,
5B131,5B13,1,1,,
5B2,5B,2,2,,
5B21,5B2,1,1,,
5B211,5B21,1,1,,
5B2111,5B211,1,1,Yes,161996
5B2112,5B211,1,1,,
5B212,5B21,1,1,,
5B22,5B2,1,1,,
5B23,5B2,1,1,,
5B231,5B23,2,2,,
5B2311,5B231,1,1,,
5B232,5B23,2,2,,
5B3,5B,2,2,,
5B31,5B3,1,1,,
5B311,5B31,1,1,,
5B32,5B3,1,1,,
5B321,5B32,1,1,,
5B3211,5B321,1,1,,
5B3212,5B321,1,1,,
5B3213,5B321,1,1,,
5B322,5B32,1,1,,
5B3221,5B322,2,2,,
5B323,5B32,1,1,,
5B3231,5B323,1,1,,
5B3232,5B323,1,1,,
5B324,5B32,1,1,,
5B4,5B,2,2,,
5B41,5B4,1,1,,
5B411,5B41,1,1,,
5B412,5B41,2,2,,
5B413,5B41,2,2,,
5B414,5B41,2,2,,
5B42,5B4,1,1,,
5B421,5B42,1,1,,
5B422,5B42,1,1,,
5B4221,5B422,1,1,,
5B423,5B42,3,3,,
5B4231,5B423,1,1,,
5B4232,5B423,1,1,,
5B424,5B42,5,5,,
5B4241,5B424,1,1,,
5B425,5B42,5,5,,
5B5,5B,2,2,,
5C,5,1,1,,
5C11,5C1,1,1,,
5C12,5C1,1,1,,
5C2,5C,1,1,,
5C21,5C2,1,1,,
5C211,5C21,1,1,,
5C2111,5C211,1,1,,
5C2112,5C211,1,1,,
5C212,5C21,1,1,,
5C2121,5C212,1,1,,
5C22,5C2,1,1,,
5C221,5C22,1,1,,
5C222,5C22,1,1,,
5C3,5C,1,1,,
5C4,5C,1,1,,
5C41,5C4,1,1,,
5C411,5C41,1,1,,
5C412,5C41,1,1,,
5C4121,5C412,1,1,,
5C4122,5C412,1,1,,
5C42,5C4,1,1,,
5C5,5C,1,1,,
5C51,5C5,1,1,,
5C511,5C51,1,1,,0
5C512,5C51,1,1,,
5C5121,5C512,1,1,,
5C5122,5C512,1,1,,
5C52,5C5,1,1,,
5C521,5C52,1,1,,
5C522,5C52,1,1,,
5C5221,5C522,1,1,,
5C5222,5C522,1,1,,
5C523,5C52,1,1,,
5C53,5C5,1,1,,
5C531,5C53,1,1,,
5C532,5C53,1,1,,
5D,5,1,1,,
5D1,5D,1,1,,
5D11,5D1,1,1,,
5D111,5D11,1,1,,
5D112,5D11,1,1,,
5D1121,5D112,1,1,,
5D1122,5D112,1,1,,
5D113,5D11,1,1,,
5D1131,5D113,1,1,,
5D1132,5D113,1,1,,
5D12,5D1,1,1,,
5D121,5D12,1,1,,
5D1211,5D121,1,1,,
5D1212,5D121,1,1,,
5D122,5D12,1,1,,
5D1221,5D122,1,1,,
5D1222,5D122,1,1,,
5D13,5D1,1,1,,
5D131,5D13,1,1,,
5D132,5D13,1,1,,
5D14,5D1,1,1,,
5D15,5D1,1,1,,
5D151,5D15,1,1,,
5D152,5D15,1,1,,
5D153,5D15,1,1,,
5D2,5D,1,1,,
5D21,5D2,1,1,,
5D211,5D21,1,1,,0
5D2111,5D211,1,1,,
5D2112,5D211,1,1,,
5D212,5D21,1,1,,0
5D2121,5D212,1,1,,
5D213,5D21,1,1,,0
5D2131,5D213,1,1,,
5D22,5D2,1,1,,
5D221,5D22,1,1,,
5D4,5D,1,1,,
5D41,5D4,1,1,,
5D411,5D41,1,1,,
5D412,5D41,1,1,,
5D4121,5D412,1,1,,
5D4122,5D412,1,1,,
5D413,5D41,1,1,,
5D3,5D,1,1,,
5D31,5D3,1,1,,
5D311,5D31,1,1,,
5D312,5D31,1,1,,
5D313,5D31,1,1,,
5D3131,5D313,1,1,,
5D3132,5D313,1,1,,
5D3133,5D313,1,1,,
5D32,5D3,1,1,,
5D321,5D32,1,1,,
5D3211,5D321,1,1,,
5D3212,5D321,1,1,,
5D5,5D,1,1,,
5D51,5D5,1,1,,
5D511,5D51,1,1,,
5D512,5D51,1,1,,
5D5121,5D512,1,1,,
5D513,5D51,1,1,,
5D5131,5D513,1,1,,
5D514,5D51,1,1,,
5D5141,5D514,1,1,,
5D5142,5D514,1,1,,
5D52,5D5,1,1,,
5D521,5D52,1,1,,
5D5211,5D521,1,1,,
5D5212,5D521,1,1,,
5D5213,5D521,1,1,,
5D5214,5D521,1,1,,
5D522,5D52,2,1,,0
5D523,5D52,2,1,,0
5D6,5D,1,1,,
5D7,5D,1,1,,
5D71,5D7,1,1,,
5D711,5D71,1,1,,0
5D72,5D7,1,1,,
5D721,5D72,1,1,,
5D7211,5D721,1,1,,
5D7212,5D721,1,1,,
5D722,5D72,1,1,,
5D73,5D7,1,1,,
5D731,5D73,1,1,,
5D7311,5D731,1,1,,
5D7312,5D731,1,1,,
5D732,5D73,1,1,,
5D8,5D,1,1,,
5D81,5D8,1,1,,
5D811,5D81,1,1,,
5D8111,5D811,1,1,,
5D8112,5D811,1,1,,
5D812,5D81,1,1,,
5D8121,5D812,1,1,,
5D82,5D8,1,1,,
5D83,5D8,1,1,,
5D831,5D83,1,1,,
5D832,5D83,1,1,,
5D84,5D8,1,1,,
5D841,5D84,1,1,,
5D842,5D84,1,1,,
5D9,5D,1,1,,
5D91,5D9,1,1,,
5D911,5D91,1,1,,
5D92,5D9,1,1,,
5E,5,1,1,,
6,,2,2,,
7,,2,2,,
71,7,1,1,,
711,71,1,1,,
7111,711,1,1,,
712,71,1,1,,
713,71,1,1,,
7131,713,1,1,,
714,71,1,1,,
72,7,1,1,,
73,7,1,1,,
731,73,1,1,,
7311,731,1,1,,
73111,7311,1,1,,
731111,73111,1,1,,
731112,73111,1,1,,
7312,731,1,1,,
73121,7312,1,1,,
73122,7312,1,1,,
731221,73122,1,1,,
7312211,731221,1,1,,
73123,7312,1,1,,
731231,73123,1,1,,
7313,731,1,1,,
73131,7313,1,1,,
731311,73131,1,1,,
7313111,731311,1,1,,
731312,73131,1,1,,
731313,73131,1,1,,
7313131,731313,1,1,,
7313132,731313,2,2,,
7313133,731313,2,2,,
73132,7313,1,1,,
731321,73132,1,1,,
731322,73132,1,1,,
7313221,731322,1,1,,
7313222,731322,1,1,,
7313223,731322,1,1,,
73133,7313,1,1,,
731331,73133,1,1,,
731332,73133,1,1,,
7313321,731332,1,1,,
7313322,731332,1,1,,
7314,731,1,1,,
73141,7314,1,1,,
731411,73141,1,1,,
73142,7314,1,1,,
732,73,1,1,,
7321,732,1,1,,
73211,7321,1,1,,
732111,73211,2,2,,
732112,73211,2,2,,
73212,7321,1,1,,
73213,7321,1,1,,
732131,73213,1,1,,
732132,73213,1,1,,
7322,732,1,1,,
73221,7322,1,1,,
732211,73221,1,1,,
732212,73221,1,1,,
73222,7322,1,1,,
732221,73222,1,1,,
732222,73222,1,1,,
74,7,1,1,,
741,74,1,1,,
75,7,1,1,,
751,75,1,1,,
7511,751,1,1,,
75111,7511,1,1,,
75112,7511,1,1,,
751121,75112,1,1,,
751122,75112,1,1,,
75113,7511,1,1,,
751131,75113,1,1,,
7511311,751131,1,1,,
751132,75113,1,1,,
751133,75113,1,1,,
751134,75113,1,1,,
75114,7511,1,1,,
751141,75114,1,1,,
751142,75114,1,1,,
7512,751,1,1,,
75121,7512,1,1,,
751211,75121,1,1,,
7512111,751211,1,1,,
7512112,751211,1,1,,
7512113,751211,1,1,,
751212,75121,1,1,,
7512121,751212,1,1,,
7512122,751212,1,1,,
7512123,751212,1,1,,
7512124,751212,1,1,,
7512125,751212,1,1,,
75122,7512,2,2,,
751221,75122,1,1,,
75123,7512,2,2,,
751231,75123,1,1,,
7513,751,1,1,,
75131,7513,1,1,,
751311,75131,1,1,,
751312,75131,1,1,,
75132,7513,1,1,,
751321,75132,1,1,,
75133,7513,1,1,,
751331,75133,1,1,,
751332,75133,1,1,,
751333,75133,1,1,,
751334,75133,1,1,,
7514,751,1,1,,
75141,7514,1,1,,
751411,75141,1,1,,
751412,75141,1,1,,
751413,75141,2,2,,
751414,75141,2,2,,
75142,7514,1,1,,
751421,75142,1,1,,
75143,7514,1,1,,
751431,75143,1,1,,
751432,75143,1,1,,
7515,751,1,1,,
752,75,1,1,,
7521,752,1,1,,
753,75,1,1,,
7531,753,1,1,,
75311,7531,1,1,,
753111,75311,1,1,,
753112,75311,2,2,,
753113,75311,2,2,,
75312,7531,2,2,,
75313,7531,2,2,,
7532,753,1,1,,
75321,7532,1,1,,
753211,75321,1,1,,
753212,75321,1,1,,
753213,75321,1,1,,
75322,7532,1,1,,
7533,753,1,1,,
76,7,1,1,,
761,76,1,1,,
77,7,1,1,,
771,77,1,1,,
7711,771,1,1,,
78,7,1,1,,
79,7,1,1,,
8,,2,2,,
81,8,1,1,,
811,81,1,1,,
8112,811,1,1,,
812,81,1,1,,
813,81,1,1,,
814,81,1,1,,
8141,814,1,1,,
81411,8141,1,1,,
81412,8141,1,1,,
814121,81412,1,1,,
814122,81412,1,1,,
8141221,814122,1,1,,
81413,8141,1,1,,
81414,8141,1,1,,
8142,814,1,1,,
81421,8142,1,1,,
814211,81421,1,1,,
8142111,814211,1,1,,
8142112,814211,1,1,,
8142113,814211,1,1,,
814212,81421,1,1,,
814213,81421,1,1,,
81422,8142,1,1,,
814221,81422,1,1,,
8142211,814221,1,1,,
814222,81422,1,1,,
8142221,814222,1,1,,
814223,81422,1,1,,
81423,8142,1,1,Yes,181962
814231,81423,1,1,,
814232,81423,1,1,,
814233,81423,1,1,,
8144,814,1,1,,
81441,8144,1,1,,
81442,8144,1,1,,
81443,8144,1,1,,
8143,814,1,1,,
81433,8143,1,1,,
81434,8143,1,1,,
8145,814,1,1,,
81451,8145,1,1,,
81452,8145,2,2,,
81453,8145,2,2,,
8146,814,1,1,,
81461,8146,1,1,,
81462,8146,1,1,,
815,81,1,1,,
82,8,1,1,,
821,82,1,1,,
8211,821,1,1,,
822,82,1,1,,
8221,822,1,1,,
82211,8221,1,1,,
822111,82211,1,1,,
8221111,822111,1,1,,
8221112,822111,1,1,,
822112,82211,1,1,,
8221121,822112,1,1,,
8221122,822112,1,1,,
8222,822,1,1,,
8223,822,1,1,,
823,82,1,1,,
8231,823,1,1,,
824,82,1,1,,
825,82,1,1,,
826,82,1,1,,
8261,826,1,1,,
82611,8261,1,1,,
826111,82611,1,1,,
826112,82611,1,1,,
82612,8261,1,1,,
8262,826,1,1,,
82621,8262,1,1,,
826211,82621,3,3,,
826212,82621,3,3,,
827,82,1,1,,
8271,827,1,1,,
82711,8271,1,1,,
82712,8271,1,1,,
827121,82712,1,1,,
827122,82712,1,1,,
827123,82712,1,1,,
8272,827,1,1,,
82721,8272,1,1,,
827211,82721,1,1,,
827212,82721,2,2,,
82722,8272,1,1,,
827221,82722,1,1,,
827222,82722,1,1,,
83,8,1,1,,
831,83,1,1,,
8311,831,1,1,,
83111,8311,1,1,,
831111,83111,1,1,,
8311111,831111,1,1,,
8311112,831111,1,1,,
831112,83111,1,1,,
83112,8311,1,1,,
831121,83112,1,1,,
831122,83112,1,1,,
832,83,1,1,,
833,83,1,1,,
8331,833,1,1,,
83311,8331,1,1,,
83312,8331,1,1,,
833121,83312,1,1,,
8331211,833121,1,1,,
8331212,833121,1,1,,
8331213,833121,1,1,,
833122,83312,1,1,,
8331221,833122,1,1,,
83313,8331,1,1,,
833131,83313,1,1,,
833132,83313,1,1,,
833133,83313,1,1,,
833134,83313,1,1,,
8332,833,1,1,,
83321,8332,1,1,,
83322,8332,1,1,,
833221,83322,1,1,,
833222,83322,1,1,,
833223,83322,1,1,,
833224,83322,2,2,,201994
833225,83322,2,2,,201994
83323,8332,1,1,,
833231,83323,1,1,,
833232,83323,1,1,,
833233,83323,1,1,,
834,83,1,1,,
8341,834,1,1,,
83411,8341,1,1,,
834111,83411,1,1,,
834112,83411,1,1,,
835,83,1,1,,
8351,835,1,1,,
83511,8351,1,1,,
835111,83511,1,1,,0
835112,83511,2,2,,
835113,83511,2,2,,
83512,8351,1,1,,
835121,83512,1,1,,
9,,2,2,,
91,9,1,1,,
911,91,1,1,,
912,91,1,1,,
9121,912,1,1,Yes,181933
91211,9121,1,1,,
912111,91211,1,1,,
912112,91211,1,1,,
91212,9121,1,1,,
912121,91212,1,1,,
912122,91212,1,1,,
91213,9121,1,1,,
912131,91213,1,1,,
912132,91213,1,1,,
913,91,1,1,,
914,91,1,1,,
9141,914,1,1,,
91411,9141,1,1,,
92,9,1,1,,
921,92,1,1,,
923,92,1,1,,
9231,923,1,1,,
92311,9231,1,1,,
923111,92311,1,1,,
92312,9231,1,1,,
923121,92312,1,1,,
92313,9231,1,1,,
923131,92313,2,2,,
922,92,1,1,,
93,9,1,1,,
931,93,1,1,,
932,93,1,1,,
9321,932,1,1,,
93211,9321,1,1,,0
932111,93211,1,1,,
932112,93211,1,1,,
93212,9321,1,1,,
932121,93212,1,1,,
932122,93212,1,1,,
932123,93212,1,1,,
93213,9321,1,1,,
932131,93213,1,1,,
932132,93213,1,1,,
93214,9321,1,1,,
9322,932,1,1,,
9323,932,1,1,,
93231,9323,1,1,,
933,93,1,1,,
9331,933,1,1,,
93311,9331,1,1,,
933111,93311,1,1,,
93312,9331,1,1,,
933121,93312,1,1,,
933122,93312,1,1,,
9332,933,1,1,,
93321,9332,1,1,,
933211,93321,1,1,,
933212,93321,2,2,,
933213,93321,2,2,,
93322,9332,1,1,,
933221,93322,1,1,,
933222,93322,1,1,,
933223,93322,1,1,,
93323,9332,2,2,,
933231,93323,1,1,,
93324,9332,2,2,,
9333,933,1,1,,
93331,9333,1,1,,
933311,93331,1,1,,
933312,93331,1,1,,
93332,9333,1,1,,
934,93,1,1,,
9341,934,1,1,,
93411,9341,1,1,,
934111,93411,1,1,,
934112,93411,1,1,,
9342,934,1,1,,
93421,9342,1,1,,
934211,93421,1,1,,
934212,93421,2,2,,
934213,93421,2,2,,
93422,9342,1,1,,
934221,93422,1,1,,
9343,934,1,1,,
93431,9343,1,1,,
934311,93431,1,1,,
934312,93431,2,2,,
934313,93431,2,2,,
934314,93431,2,2,,
93432,9343,1,1,,
934321,93432,1,1,,
934322,93432,1,1,,
93433,9343,1,1,,
934331,93433,1,1,,
9344,934,2,2,,
93441,9344,1,1,,
93442,9344,1,1,,
94,9,1,1,,
941,94,1,1,,
9411,941,1,1,,
94111,9411,1,1,,
941111,94111,1,1,,
941112,94111,1,1,,
94112,9411,1,1,,
9412,941,1,1,,
94121,9412,1,1,,
941211,94121,1,1,,
941212,94121,1,1,,
94122,9412,1,1,,
941221,94122,1,1,,
9412211,941221,1,1,,
941222,94122,1,1,,
9412221,941222,1,1,,
9413,941,1,1,,
94131,9413,1,1,,
941311,94131,1,1,,
941312,94131,1,1,,
94132,9413,1,1,,
941321,94132,1,1,,
941322,94132,1,1,,
9414,941,1,1,,
94141,9414,1,1,,191971
941411,94141,1,1,,
941412,94141,1,1,,
941413,94141,1,1,,
94142,9414,1,1,,191971
941421,94142,1,1,,
941422,94142,1,1,,
942,94,1,1,,
9421,942,1,1,,
94211,9421,1,1,,
942111,94211,1,1,,
942112,94211,2,2,,
942113,94211,2,2,,
94212,9421,1,1,,
942121,94212,1,1,,
942122,94212,1,1,,
94213,9421,1,1,,
9422,942,1,1,,
94221,9422,1,1,,0
942211,94221,1,1,,
942212,94221,1,1,,
942213,94221,1,1,,
94222,9422,1,1,,0
942221,94222,1,1,,
942222,94222,1,1,,
942223,94222,2,2,,
942224,94222,2,2,,
94223,9422,1,1,,2
942231,94223,0,1,,
943,94,1,1,,
95,9,1,1,,
951,95,1,1,,
9511,951,1,1,,
9512,951,1,1,Yes,
95121,9512,1,1,,
952,95,1,1,,
96,9,1,1,,
961,96,1,1,,
9611,961,2,2,,
962,96,1,1,,
9621,962,1,1,,
96211,9621,2,2,,
962111,96211,1,1,,
9622,962,1,1,,
96221,9622,1,1,,
962211,96221,1,1,,
962212,96221,1,1,,
962213,96221,1,1,,
96222,9622,1,1,,
9623,962,1,1,,
96231,9623,1,1,,
962311,96231,1,1,,
962312,96231,1,1,,
97,9,1,1,,
971,97,1,1,,
9711,971,1,1,,
97111,9711,1,1,,
972,97,1,1,,
99,9,1,1,,
991,99,1,1,,
9911,991,1,1,,
99111,9911,1,1,,0
99112,9911,1,1,,0
9912,991,1,1,,
99121,9912,1,1,,
99122,9912,1,1,,
991221,99122,1,1,,
991222,99122,1,1,,
99123,9912,1,1,,
991231,99123,1,1,,
991232,99123,1,1,,
992,99,1,1,,
9921,992,1,1,,
99211,9921,1,1,,
99212,9921,1,1,,
993,99,1,1,,
9B,9,1,1,,
9B1,9B,1,1,,
9B11,9B1,1,1,,
9B111,9B11,1,1,,
9B112,9B11,1,1,,
9B12,9B1,1,1,,
A,,2,2,,
A1,A,1,1,,
A11,A1,1,1,,
A111,A11,1,1,,
A1111,A111,1,1,,
A11111,A1111,1,1,,
A111111,A11111,1,1,,
A111112,A11111,1,1,,
A11112,A1111,1,1,,
A111121,A11112,1,1,,
A111122,A11112,1,1,,
A11113,A1111,1,1,,
A11114,A1111,1,1,,
A1112,A111,1,1,,
A11121,A1112,1,1,,0
A11122,A1112,1,1,,
A11123,A1112,1,1,,
A11124,A1112,1,1,,
A1113,A111,1,1,,
A11131,A1113,1,1,,
A11132,A1113,1,1,,
A11133,A1113,1,1,,
A1114,A111,1,1,,
A11141,A1114,1,1,,
A11142,A1114,1,1,,
A11143,A1114,1,1,,
A112,A11,1,1,,
A12,A1,1,1,,
A121,A12,1,1,,
A1211,A121,1,1,,
A12111,A1211,1,1,,
A12112,A1211,1,1,,
A1212,A121,1,1,,
A12121,A1212,1,1,,
A13,A1,2,2,,
A131,A13,1,1,,
A1311,A131,1,1,,
A13111,A1311,2,2,,
A13112,A1311,2,2,,
A1312,A131,1,1,,
A13121,A1312,1,1,,
A14,A1,2,2,,
A141,A14,1,1,,
A1411,A141,1,1,,
A1412,A141,1,1,,
A1413,A141,1,1,,
A2,A,1,1,,
A3,A,1,1,,
A31,A3,1,1,,
A311,A31,1,1,,
A32,A3,1,1,,
A321,A32,1,1,,
A3211,A321,1,1,,
A32111,A3211,1,1,,
A32112,A3211,1,1,,
A3212,A321,1,1,,
A32121,A3212,1,1,,
A32122,A3212,1,1,,
A3213,A321,1,1,,
A32131,A3213,1,1,,
A33,A3,1,1,,
A4,A,1,1,,
A42,A4,1,1,,
A5,A,1,1,,
A51,A5,1,1,,
A511,A51,1,1,,
A5111,A511,1,1,,
A51111,A5111,1,1,,
A51112,A5111,1,1,,
A5112,A511,1,1,,
A5113,A511,1,1,,
A51131,A5113,1,1,,
A52,A5,1,1,,
A521,A52,1,1,,
A5211,A521,1,1,,
A52111,A5211,1,1,,
A52112,A5211,1,1,,
A5212,A521,1,1,,
A52121,A5212,1,1,,
A52122,A5212,1,1,,
A52123,A5212,1,1,,
A5213,A521,1,1,,
A52131,A5213,1,1,,
A52132,A5213,1,1,,
A5214,A521,1,1,,
A52141,A5214,1,1,,
A52142,A5214,1,1,,
A522,A52,1,1,,
A5221,A522,1,1,,
A52211,A5221,1,1,,
A523,A52,1,1,,
A5231,A523,1,1,,
A52311,A5231,1,1,,
A52312,A5231,1,1,,
A6,A,1,1,,
A7,A,1,1,,
A71,A7,1,1,,
A711,A71,1,1,,
A7111,A711,1,1,,
A7112,A711,1,1,,
A71121,A7112,1,1,,
A71122,A7112,1,1,,
A72,A7,1,1,,
A721,A72,1,1,,
A722,A72,1,1,,
A7221,A722,1,1,,
A7222,A722,1,1,,
A72221,A7222,1,1,,
A72222,A7222,1,1,,
A7223,A722,1,1,,
A72231,A7223,1,1,,
A8,A,2,2,,
A9,A,2,2,,
2161221,216122,0,1,,
A111141,A11114,1,1,,
5114311,511431,1,1,,
484212,48421,1,1,,
1617341,161734,0,1,,
43311111,4331111,1,1,,
43311112,4331111,1,1,,
43311121,4331112,0,1,,
43311131,4331113,1,1,,
5C5231,5C523,1,1,,
5C5223,5C522,1,1,,
A111142,A11114,1,1,,
4812331,481233,1,1,,
4812342,481234,1,1,,
493321,49332,0,1,,
814111,81411,1,1,,
814112,81411,1,1,,
814113,81411,1,1,,
8141111,814111,1,1,,
8141112,814111,1,1,,
8141113,814111,1,1,,
8141114,814111,1,1,,
8141121,814112,1,1,,
8141122,814112,1,1,,
8141131,814113,1,1,,
8141132,814113,2,2,,
8141133,814113,2,2,,
5252211,525221,1,1,,
5252212,525221,1,1,,
5252213,525221,1,1,,
1223121,122312,1,1,,
1223122,122312,1,1,,
5D5221,5D522,1,1,,
5D5222,5D522,1,1,,
5D5231,5D523,1,1,,
5D5122,5D512,1,1,,
1618212,161821,1,1,,
1618221,161822,1,1,Yes,32009
1618222,161822,1,1,,
1618232,161823,1,1,,
332114,33211,2,2,,
332121,33212,1,1,,
332122,33212,1,1,,
9411111,941111,0,1,,
814141,81414,1,1,,
814142,81414,1,1,,
8141421,814142,1,1,,
8141422,814142,1,1,,
8141423,814142,1,1,,
814131,81413,1,1,,
814132,81413,1,1,,
332111,33211,1,1,,
332112,33211,1,1,,
332113,33211,1,1,,
332211,33221,1,1,,
332212,33221,1,1,,
4252321,425232,1,1,,
5811411,581141,1,1,,
5811421,581142,1,1,,
5D7221,5D722,1,1,,
827124,82712,1,1,,
5255221,525522,2,2,,
4294111,429411,1,1,,
4294112,429411,1,1,,
4294121,429412,1,1,,
4294122,429412,1,1,,
9421121,942112,0,1,,
1671412,167141,1,1,,
4712131,471213,1,1,,
9422121,942212,1,1,,
5285121,528512,2,2,,
5285142,528514,1,1,,
5C2221,5C222,1,1,,
942232,94223,0,2,,
942233,94223,1,3,,
9422221,942222,1,1,,
5284122,528412,1,1,,
5234111,523411,1,1,,
5234141,523414,1,1,,
5234142,523414,2,2,,
5234143,523414,2,2,,
5234151,523415,1,1,,
5234152,523415,1,1,,
9412222,941222,1,1,,
7513341,751334,0,1,,
7513342,751334,0,1,,
8311121,831112,1,1,,
8311122,831112,1,1,,
5D5223,5D522,1,1,,
591222,59122,1,1,,
5B2312,5B231,1,1,,
332221,33222,1,1,,
332222,33222,1,1,,
332223,33222,2,2,,
332224,33222,2,2,,
332225,33222,2,2,,
492422,49242,1,1,,
5172121,517212,1,1,,
5172122,517212,1,1,,
5172123,517212,1,1,,
5172111,517211,1,1,,
5172112,517211,1,1,,
5172113,517211,1,1,,
5172114,517211,1,1,,
942214,94221,1,1,,
4256221,425622,1,1,,
4256222,425622,1,1,,
4256223,425622,1,1,,
4256322,425632,1,1,,
4256211,425621,1,1,,
4256212,425621,1,1,,
4256411,425641,1,1,,
5255112,525511,1,1,,
3571221,357122,1,1,,
9622121,962212,0,1,,
5171131,517113,1,1,,
5171132,517113,1,1,,
5171141,517114,1,1,,
5171142,517114,1,1,,
2161611,216161,1,1,,
2161612,216161,1,1,,
216162,21616,1,1,,
2161621,216162,1,1,,
2161622,216162,1,1,,
2161623,216162,1,1,,
2161624,216162,1,1,,
2161512,216151,1,1,,
2161511,216151,1,1,,
2161521,216152,0,1,,
2161421,216142,1,1,,
2161422,216142,1,1,,
2161411,216141,0,1,,
8272111,827211,1,1,,
8272112,827211,1,1,,
8272211,827221,1,1,,
8272212,827221,1,1,,
4452111,445211,1,1,,
3561111,356111,1,1,,
3561121,356112,1,1,,
16112221,1611222,0,1,,
48C2111,48C211,0,1,,
1671211,167121,1,1,,
1671212,167121,1,1,,
5D7313,5D731,1,1,,
5D7321,5D732,1,1,,
5D7322,5D732,1,1,,
3451221,345122,1,1,,
3451222,345122,1,1,,
5811321,581132,1,1,,
1615123,161512,1,1,,
1615131,161513,1,1,,
1615212,161521,1,1,,
3417111,341711,1,1,,
3417112,341711,1,1,,
4451311,445131,1,1,,
2161123,216112,2,2,,
21611221,2161122,1,1,,
21611211,2161121,1,1,,
21611212,2161121,1,1,,
21611213,2161121,1,1,,
3541121,354112,1,1,,
3541212,354121,1,1,,
3541213,354121,1,1,,
16A1423,16A142,1,2,,
4256111,425611,1,1,,
341612,34161,1,1,,
341611,34161,1,1,,
4812352,481235,1,1,,
2161111,216111,0,1,,
21611111,2161111,0,1,,
21611112,2161111,0,1,,
21611113,2161111,0,1,,
21611114,2161111,1,2,,
1611313,161131,1,1,,
1611316,161131,2,2,,
16113111,1611311,1,1,,
1611321,161132,1,1,,
1611322,161132,1,1,,
16133111,1613311,1,1,,
16133112,1613311,1,1,,
16133121,1613312,1,1,,
16133122,1613312,1,1,,
1613332,161333,1,1,,
161311,16131,1,1,,
161312,16131,1,1,,
161313,16131,1,1,,
1617321,161732,1,1,,
161A111,161A11,1,1,,
161A31,161A3,0,1,,
161A53,161A5,2,2,,
1613121,161312,1,1,,
1613123,161312,1,1,,
1613122,161312,1,1,,
16B133,16B13,2,2,,
4256412,425641,1,1,,
16A1421,16A142,0,1,,
4272211,427221,1,1,,
3416211,341621,1,1,,
3416212,341621,1,1,,
3416221,341622,1,1,,
3416222,341622,1,1,,
3416231,341623,1,1,,
3416232,341623,1,1,,
3416233,341623,1,1,,
5171211,517121,1,1,,
5171221,517122,1,1,,
483213,48321,1,1,,
518231,51823,2,2,,
52512111,5251211,1,1,,
52512112,5251211,1,1,,
52512121,5251212,1,1,,
4254232,425423,1,1,,
5811422,581142,1,1,,
518224,51822,1,1,,
5182231,518223,1,1,,
5182232,518223,1,1,,
1618223,161822,1,1,,
473321,47332,1,1,,
5153121,515312,0,3,,
5153223,515322,1,1,,
5153232,515323,1,1,,
5153233,515323,1,1,,
475132,47513,1,1,,
5113111,511311,1,1,,
5811111,581111,1,1,,
5811112,581111,1,1,,
5811113,581111,1,1,,
5811121,581112,0,1,,
934315,93431,0,3,,
9343111,934311,1,1,,
9343112,934311,1,1,,
9343113,934311,1,1,,
9343121,934312,1,1,,
9343122,934312,1,1,,
9343123,934312,1,1,,
558111,55811,1,1,,
558112,55811,1,1,,
558121,55812,2,2,,
558122,55812,2,2,,
558123,55812,2,2,,
1651221,165122,1,1,,
1651222,165122,1,1,,
1224111,122411,1,1,,
1224211,122421,1,1,,
3412121,341212,1,1,,
3412122,341212,1,1,,
3412123,341212,1,1,,
3412132,341213,2,2,,
34121311,3412131,1,1,,
34121312,3412131,1,1,,
16B221,16B22,1,1,Yes,0
476111,47611,1,1,,
35311211,3531121,1,1,,
1651112,165111,1,1,,
1231111,123111,1,1,,
5612111,561211,1,1,,
5612112,561211,1,1,,
5612113,561211,1,1,,
5612114,561211,1,1,,
5612121,561212,1,1,,
5612122,561212,1,1,,
5612123,561212,1,1,,
5612131,561213,1,1,,
5612132,561213,1,1,,
5612133,561213,1,1,,
9333111,933311,1,1,,
9333112,933311,1,1,,
9333113,933311,1,1,,
9333114,933311,1,1,,
933321,93332,1,1,,
42321111,4232111,1,1,,
42321112,4232111,1,1,,
35311111,3531111,1,1,,
35311121,3531112,1,1,,
4232214,423221,2,2,Yes,
4232215,423221,2,2,,
4232222,423222,1,1,,
4232223,423222,1,1,,
566131,56613,1,1,,
566132,56613,1,1,,
5531113,553111,1,1,,
5531114,553111,1,1,,
923122,92312,1,1,,
4343211,434321,1,1,,
4834111,483411,0,1,,
1618111,161811,0,1,,
7513111,751311,1,1,,
7513112,751311,1,1,,
7513113,751311,1,1,,
7513121,751312,1,1,,
7513211,751321,1,1,,
7513212,751321,2,2,,
7513311,751331,1,1,,
7513312,751331,1,1,,
7513313,751331,1,1,,
7513314,751331,1,1,,
7513315,751331,1,1,,
7513321,751332,1,1,,
7513322,751332,1,1,,
7513323,751332,1,1,,
7513343,751334,0,1,,
4343311,434331,0,1,,
4343312,434331,0,2,,
5621121,562112,1,1,,
5621122,562112,1,1,,
16A221,16A22,0,1,,
4833211,483321,1,1,,
4833221,483322,1,1,,
4833231,483323,1,1,,
4833232,483323,1,1,,
5255311,525531,1,1,,
5122111,512211,1,1,,
5122112,512211,1,1,,
5122121,512212,0,1,,
5151221,515122,1,1,,
5151222,515122,1,1,,
428123,42812,1,1,,
3233311,323331,1,1,,
3415122,341512,1,1,,
3542211,354221,1,1,,
3542212,354221,1,1,,
3542213,354221,1,1,,
3542221,354222,1,1,,
3542222,354222,1,1,,
3532121,353212,1,1,,
3532122,353212,1,1,,
3543211,354321,1,1,,
3543212,354321,1,1,,
3543231,354323,1,1,,
3543232,354323,1,1,,
4233111,423311,1,1,,
4252243,425224,1,1,,
4253111,425311,1,1,,
4253112,425311,1,1,,
4253121,425312,1,1,,
425433,42543,3,3,,
4254311,425431,1,1,,
4254312,425431,1,1,,
4323211,432321,0,1,,
4323221,432322,1,1,,
4323222,432322,1,1,,
4323223,432322,1,1,,
4323111,432311,1,1,,
4323112,432311,1,1,,
432522,43252,1,1,,
161A23,161A2,2,2,Yes,0
4327111,432711,0,1,,
482113,48211,2,2,,
492511,49251,1,1,,
518422,51842,1,1,,
5236111,523611,1,1,,
5236121,523612,1,1,,
5236122,523612,1,1,,
5237121,523712,1,1,,
5621331,562133,1,1,,
5D1531,5D153,1,1,,
5D1532,5D153,2,2,,
5D1533,5D153,2,2,,
5D7111,5D711,1,1,,
5D7112,5D711,1,1,,
5D7113,5D711,1,1,,
8141411,814141,1,1,,
8141412,814141,1,1,,
8142212,814221,1,1,,
8142222,814222,1,1,,
8142331,814233,1,1,,
8142332,814233,1,1,,
8142333,814233,1,1,,
814331,81433,1,1,,1999
9332111,933211,1,1,,
9332112,933211,1,1,,
9332131,933213,1,1,,
9332132,933213,1,1,,
942215,94221,1,1,,
951211,95121,1,1,,
9623111,962311,1,1,,
8142114,814211,1,1,,
8131,813,1,1,,
8133,813,1,1,,
81311,8131,1,1,,
122321,12232,2,2,,
1223211,122321,1,1,,
122322,12232,2,2,,
3543321,354332,1,1,,
3543322,354332,1,1,,
3543121,354312,1,1,,
8143311,814331,1,1,,
8143312,814331,1,1,,
81431,8143,1,1,Yes,0
81432,8143,1,1,Yes,0
814341,81434,1,1,,
8143411,814341,0,1,,
814342,81434,1,1,,
165242,16524,1,1,,
1221111,122111,1,1,,
1221112,122111,1,1,,
81331,8133,1,1,,
81332,8133,1,1,,
8111,811,1,1,,
8113,811,2,2,,
814411,81441,0,1,,
814421,81442,1,1,,
5C1,5C,1,1,,
81111,8111,1,1,,
81123,8112,1,1,,
81122,8112,1,1,,
811224,81122,2,2,,
81131,8113,1,1,,
811313,81131,1,1,,
8121,812,1,1,,
4251212,425121,1,1,,
4251231,425123,1,1,,
4251232,425123,1,1,,
4251233,425123,1,1,,
8132,813,1,1,,
81314,8131,1,1,,
81321,8132,1,1,Yes,0
8134,813,1,1,,0
81322,8132,1,1,,
8135,813,1,1,,
8136,813,1,1,,
813111,81311,1,1,,
813112,81311,1,1,,
81312,8131,1,1,,
81313,8131,1,1,,
813311,81331,0,1,,
813321,81332,0,2,,19811982
81341,8134,1,1,Yes,0
81351,8135,1,1,,
81352,8135,1,1,,
81353,8135,1,1,,
81315,8131,1,1,,
A41,A4,1,1,,
98,9,1,1,,
9A,9,1,1,,
352,35,1,1,,
438211,43821,2,2,,
438214,43821,3,3,,
3316323,331632,2,2,,
3316324,331632,2,2,,
3562111,356211,1,1,,
3562112,356211,1,1,,
3562121,356212,1,1,,
3562211,356221,1,1,,
4271211,427121,1,1,,
4271212,427121,1,1,,
4271221,427122,0,1,,
4271222,427122,1,2,,
5283321,528332,1,1,,
5253212,525321,1,1,,
43223112,4322311,1,1,,
772,77,1,1,,
773,77,1,1,,
774,77,1,1,,
4382111,438211,1,1,,
4382112,438211,1,1,,
8133211,813321,0,1,,
4834121,483412,0,1,,
814311,81431,1,1,,
814312,81431,1,1,,
8143111,814311,1,1,,
8143112,814311,2,2,,
8143113,814311,2,2,,
8143121,814312,1,1,,
4271111,427111,1,1,,
31122,3112,1,1,,
31123,3112,2,2,,
311231,31123,1,1,,
311232,31123,1,1,,
31121,3112,1,1,,
A131111,A13111,1,1,,
A131112,A13111,1,1,,
A131113,A13111,1,1,,
A131121,A13112,1,1,,
A131122,A13112,1,1,,
A131211,A13121,1,1,,
814321,81432,1,1,,
814322,81432,1,1,,
814323,81432,1,1,,
313111,31311,1,1,,
31333,3133,1,1,,
31334,3133,1,1,,
313341,31334,1,1,,
31331,3133,1,1,,
31332,3133,1,1,,
31335,3133,1,1,,
313321,31332,1,1,,
313322,31332,1,1,,
313323,31332,1,1,,
313311,31331,1,1,,
313312,31331,1,1,,
313313,31331,1,1,,
1611314,161131,2,2,,
1611315,161131,2,2,,
9121111,912111,1,1,,
9121112,912111,1,1,,
9121113,912111,1,1,,
9121121,912112,1,1,,
9121122,912112,1,1,,
9121123,912112,1,1,,
9121124,912112,1,1,,
9121211,912121,0,1,,
9121212,912121,1,2,,
9121221,912122,1,1,,
9121222,912122,1,1,,
9121223,912122,1,1,,
313131,31313,1,1,,
3131311,313131,1,1,,
3131312,313131,1,1,Yes,2003
313132,31313,1,1,,
3131321,313132,0,1,,
313133,31313,1,1,,
3131331,313133,1,1,,
481433,48143,1,1,,
16B1321,16B132,1,1,,
16B123,16B12,1,1,,
1622211,162221,1,1,,
1622212,162221,1,1,,
325111,32511,1,1,,
3133211,313321,1,1,,
3133212,313321,1,1,,
3133221,313322,1,1,,
3133222,313322,1,1,,
3133223,313322,1,1,,
3133224,313322,1,1,,
3133231,313323,1,1,,
3133232,313323,1,1,,
3133411,313341,1,1,,
5283121,528312,1,1,,
5283112,528311,1,1,,
8142311,814231,0,1,,
8142312,814231,1,2,,
8142313,814231,1,2,,
8142314,814231,1,2,,
A14111,A1411,1,1,,
A14121,A1412,1,1,,
A14122,A1412,1,1,,
A14123,A1412,1,1,,
A14124,A1412,1,1,,
A14131,A1413,1,1,,
A14132,A1413,1,1,,
1622311,162231,1,1,,
7312212,731221,1,1,,
7312213,731221,2,2,,
8331331,833133,1,1,,
573121,57312,1,1,,
573122,57312,1,1,,
8142321,814232,1,1,,
8142322,814232,1,1,,
8142323,814232,1,1,,
A111231,A11123,1,1,,
A111232,A11123,1,1,,
A111241,A11124,1,1,,
A111411,A11141,1,1,,
5C5111,5C511,1,1,,
5C5112,5C511,1,1,,
5D8122,5D812,1,1,,
313511,31351,1,1,,
313531,31353,1,1,,
5D32111,5D3211,1,1,,
3264111,326411,1,1,,
3264112,326411,1,1,,
3264211,326421,1,1,,
5D3122,5D312,1,1,,
5D3121,5D312,1,1,,
3331343,333134,1,1,,
3331351,333135,2,2,,
3331352,333135,2,2,,
3316313,331631,2,2,,
3333111,333311,1,1,,
3411213,341121,2,2,,
3411113,341111,2,2,,
3411531,341153,0,1,,
3254112,325411,1,1,,
1621211,162121,1,1,,
5114134,511413,1,1,,
5114141,511414,1,1,,
5114142,511414,1,1,,
5121111,512111,1,1,,
5121112,512111,1,1,,
5121211,512121,1,1,,
5121212,512121,1,1,,
5121221,512122,1,1,,
5121222,512122,1,1,,
5121223,512122,1,1,,
5121313,512131,2,2,,
5121314,512131,2,2,,
5121331,512133,1,1,,
5121332,512133,1,1,,
5121333,512133,1,1,,
5121411,512141,0,1,,
5121412,512141,1,2,,
5121413,512141,1,2,,
3418111,341811,1,1,,
3418112,341811,1,1,,
3418121,341812,0,2,,
1641112,164111,2,2,,
518415,51841,2,2,,
518431,51843,1,1,,
518432,51843,1,1,,
518433,51843,1,1,,
518434,51843,1,1,,
5281211,528121,1,1,,
5281221,528122,1,1,,
5281222,528122,1,1,,
5281111,528111,1,1,,
5281112,528111,1,1,,
4328321,432832,1,1,,0
4328322,432832,1,1,,
4328323,432832,1,1,,
4328324,432832,1,1,,
42212111,4221211,1,1,,
42212112,4221211,1,1,,
42212113,4221211,1,1,,
42212121,4221212,0,1,,
42212122,4221212,0,1,,
42212123,4221212,0,1,,
42212124,4221212,0,1,,
42212131,4221213,0,1,,
42212132,4221213,0,1,,
42212211,4221221,1,1,,
42212221,4221222,1,1,,
42212231,4221223,0,1,,
4221241,422124,1,1,,
4221251,422125,0,1,,
4221261,422126,1,1,,
4221262,422126,1,1,,
4221263,422126,0,2,,
16411111,1641111,1,1,,
16411112,1641111,1,1,,
4711221,471122,1,1,,
4711212,471121,1,1,,
4256331,425633,1,1,,
1651121,165112,1,1,,
8122,812,2,2,Yes,
81221,8122,1,1,,
81222,8122,1,1,,
81223,8122,1,1,,
5151411,515141,1,1,,
5151412,515141,1,1,,
5151421,515142,1,1,,
5151422,515142,1,1,,
5151121,515112,1,1,,
5151122,515112,1,1,,
5151321,515132,1,1,,
5151322,515132,2,2,,
5151311,515131,1,1,,
5151312,515131,1,1,,
5151313,515131,1,1,,
1621212,162121,1,1,,
5C4111,5C411,1,1,,
4272221,427222,0,1,,
5252122,525212,1,1,,
923132,92313,2,2,,
5531121,553112,1,1,,
518311,51831,2,2,,
518312,51831,2,2,,
518332,51833,1,1,,
518511,51851,1,1,,
518512,51851,1,1,,
3133111,313311,1,1,,
3133112,313311,1,1,,
3133113,313311,1,1,,
3133121,313312,1,1,,
3133131,313313,1,1,,
3133132,313313,1,1,,
1651233,165123,1,1,,
1618233,161823,1,1,,
4328311,432831,1,1,,
4328312,432831,1,1,,
4328313,432831,1,1,,
4331221,433122,1,1,,
5811212,581121,1,1,,
5811211,581121,1,1,,
5811221,581122,1,1,,
1617213,161721,1,2,,
493134,49313,2,2,,
5285133,528513,1,1,,
3413211,341321,1,1,,
3413212,341321,1,1,,
5211121,521112,1,1,,
5211122,521112,1,1,,
43311151,4331115,0,1,,
43311141,4331114,0,1,,
32321111,3232111,1,1,,
32321121,3232112,1,1,,
42312211,4231221,1,1,,
4257121,425712,1,1,,
4257122,425712,1,1,,
5D8321,5D832,1,1,,
4294123,429412,1,1,,
A131123,A13112,1,1,,
4841212,484121,1,1,,
32A1121,32A112,1,1,,
32A1122,32A112,1,1,,
4891111,489111,1,1,,
4891112,489111,1,1,,
4891131,489113,1,1,,
4891221,489122,1,1,,
4891231,489123,1,1,,
4891232,489123,1,1,,
5B2121,5B212,1,1,,
5B2122,5B212,1,1,,
5B2123,5B212,1,1,,
9623112,962311,1,1,,
43B211,43B21,1,1,,
43B212,43B21,1,1,,
43B221,43B22,1,1,,
43B222,43B22,1,1,,
5283322,528332,1,1,,
5283323,528332,1,1,,
1615132,161513,1,1,,
16A1112,16A111,1,1,,
33311211,3331121,1,1,,
3418122,341812,2,3,,
4256121,425612,1,1,,
4256231,425623,1,1,,
4452122,445212,1,1,,
4271112,427111,1,1,,
5153131,515313,1,1,,
5237321,523732,1,1,,
5C5232,5C523,1,1,,
A111221,A11122,1,1,,
A111412,A11141,1,1,,
5114312,511431,1,1,,
5114313,511431,1,1,,
5114321,511432,1,1,,
5114322,511432,1,1,,
5D21111,5D2111,1,1,,
5D21121,5D2112,1,1,,
5D21122,5D2112,1,1,,
9421131,942113,0,1,,
1671621,167162,1,1,,
4413221,441322,1,1,,
4413222,441322,1,1,,
441331,44133,1,1,,
441332,44133,1,1,,
441341,44134,0,1,,
441342,44134,0,1,,
4343112,434311,1,1,,
4343113,434311,1,1,,
4343114,434311,2,2,,
9912311,991231,1,1,,
3214111,321411,1,1,,
9412212,941221,1,1,,
7511321,751132,1,1,,
7511322,751132,1,1,,
7511312,751131,1,1,,
7511411,751141,1,1,,
4A3212,4A321,2,2,,
4A32111,4A3211,1,1,,
8331222,833122,1,1,,
A111421,A11142,1,1,,
814521,81452,1,1,,
814522,81452,1,1,,
814523,81452,1,1,,
814524,81452,0,2,,
814525,81452,0,2,,
814526,81452,0,2,,
814531,81453,1,1,,
814532,81453,1,1,,
814533,81453,2,2,,
8142115,814211,1,1,,
8143211,814321,0,1,,
8143212,814321,1,2,,
8143213,814321,,2,,
8143221,814322,1,1,,
8143222,814322,1,1,,
81432221,8143222,0,1,,
8143231,814323,,1,,
7511342,751134,1,1,,
7511341,751134,1,1,,
4253231,425323,1,1,,
161A112,161A11,1,1,,
9422122,942212,1,1,,
5912121,591212,1,1,,
1671221,167122,1,1,,
A11134,A1113,1,1,,
5232111,523211,1,1,,
5232121,523212,1,1,,
5232122,523212,1,1,,
357131,35713,1,1,,
3571212,357121,1,2,,
5D8322,5D832,1,1,,
4814311,481431,1,1,,
5B4121,5B412,1,1,,
5B4122,5B412,1,1,,
5B4131,5B413,1,1,,
4272231,427223,1,1,,
9343141,934314,1,1,,
4343313,434331,1,3,,
1671611,167161,1,1,,
814611,81461,1,1,,
814612,81461,1,1,,
814621,81462,1,1,,
814622,81462,1,1,,
814623,81462,1,1,,
4257123,425712,2,2,,
9B1111,9B111,1,1,,
4A6211,4A621,1,1,"October 10, 2013",0
4231534,423153,1,1,,
1618213,161821,1,1,,
5531115,553111,1,1,,
5531122,553112,1,1,,
5531123,553112,1,1,,
5182211,518221,1,1,,
5531311,553131,1,1,,
5D5143,5D514,1,1,,
81213,8121,1,1,,
81211,8121,1,1,,
81212,8121,1,1,,
812122,81212,1,1,,
81214,8121,,,,
81215,8121,1,1,,
81216,8121,1,1,,
812161,81216,1,1,,
812162,81216,1,1,,
812163,81216,1,1,,
81217,8121,1,1,,
81218,8121,1,1,,
81219,8121,1,1,,
812111,81211,1,1,,
812112,81211,1,1,,
812121,81212,1,1,,
812123,81212,1,1,,
812124,81212,1,1,,
812125,81212,1,1,,
812126,81212,1,1,,
812131,81213,1,1,,
812132,81213,1,1,,
812151,81215,1,1,,
812152,81215,1,1,,
8121631,812163,1,1,,
8121632,812163,1,1,,
8121633,812163,1,1,,
812171,81217,0,1,,
8121711,812171,1,1,,
8121712,812171,1,1,,
812181,81218,1,1,,
812182,81218,1,1,,
8121821,812182,1,1,,
812183,81218,1,1,,
8121831,812183,0,1,,
8121832,812183,1,2,,
8121822,812182,1,1,,
812191,81219,1,1,Yes,0
812192,81219,1,1,,
8121311,812131,0,1,,0
8121312,812131,0,1,,0
8121313,812131,1,2,,
8121321,812132,1,1,,
8121322,812132,1,1,,
81134,8113,1,1,,
16B1211,16B121,0,1,,
81121,8112,1,1,,
811221,81122,1,1,,
811222,81122,1,1,,
811223,81122,2,2,,
8112231,811223,1,1,,
8112232,811223,1,1,,
8112241,811224,1,1,,
8112242,811224,1,1,,
811231,81123,1,1,,
811232,81123,1,1,,
8112311,811231,1,1,,
8112312,811231,1,1,,
8112313,811231,1,1,,
8112321,811232,1,1,,
811312,81131,0,2,,
811311,81131,1,1,,
811314,81131,1,1,,
8113111,811311,1,1,,
8113112,811311,1,1,,
8113121,811312,1,1,,
8113122,811312,1,1,,
8113141,811314,1,1,,
8113142,811314,1,1,,
8113143,811314,1,1,,
8113144,811314,1,1,,
81132,8113,1,1,,
81133,8113,1,1,,
81224,8122,1,1,,
81225,8122,1,1,,
812241,81224,,,,
812242,81224,1,1,,
812243,81224,1,1,,
812244,81224,1,1,,
5255331,525533,1,1,,
811321,81132,1,1,,
8113211,811321,1,1,,
8113212,811321,1,1,,
8113213,811321,1,1,,
8113214,811321,1,1,,
811322,81132,1,1,,
8113221,811322,1,1,,
8113222,811322,1,1,,
8113223,811322,1,1,,
811331,81133,1,1,,
8113311,811331,1,1,,
811332,81133,1,1,,
4812343,481234,1,1,,
4452112,445211,1,1,,
1613111,161311,1,1,,
1613131,161313,1,1,,
16131221,1613122,1,1,,
1643112,164311,1,1,,
7313211,731321,2,2,,
4256112,425611,1,1,,
441131,44113,1,1,,
441132,44113,1,1,,
1617214,161721,2,2,,
4834122,483412,1,2,,
81213121,8121312,0,1,,
81213122,8121312,0,1,,
81213211,8121321,0,1,,
81213212,8121321,0,1,,
81213213,8121321,1,2,,
81213221,8121322,1,1,,
81213222,8121322,1,1,,
3264212,326421,1,1,,
32522211,3252221,1,1,,
31111,3111,,,,
31112,3111,,,,
1619231,161923,1,1,,
161A511,161A51,1,1,,
3321141,332114,1,1,,
5B21111,5B2111,0,1,,
4272212,427221,1,1,,
3541214,354121,1,1,,
3572211,357221,1,1,,
3572212,357221,1,1,,
42212141,4221214,0,2,,
42212232,4221223,0,1,,
4221252,422125,0,2,,
4221253,422125,0,3,,
5236211,523621,1,1,,
5236212,523621,1,1,,
5236221,523622,1,1,,
441112,44111,1,1,,
4256413,425641,1,1,,
5121113,512111,1,1,,
3571222,357122,1,1,,
5811322,581132,1,1,,
5811311,581131,0,1,,
1617221,161722,,1,,
1221411,122141,1,1,,
1221412,122141,1,1,,
811341,81134,1,1,,
811342,81134,1,1,,
8113411,811341,0,1,,
8113412,811341,0,1,,
4A63221,4A6322,1,1,,
357132,35713,1,1,,
4256122,425612,1,1,,
4413111,441311,1,1,,
4255131,425513,1,1,,
4815211,481521,1,1,,
4A6222,4A622,,2,,
5621311,562131,1,1,,
5621332,562133,1,1,,
5912122,591212,1,1,,
4328211,432821,2,2,,
4A4221,4A422,1,1,,0
4711341,471134,1,1,,
4A3221,4A322,0,1,,
4A32211,4A3221,1,1,,
4711331,471133,1,1,,
5116111,511611,1,1,,
5116112,511611,1,1,,
5184121,518412,1,1,,
5184111,518411,1,1,,
5B4123,5B412,1,1,,
4A32112,4A3211,1,1,,
5251322,525132,1,1,,
5251311,525131,1,1,,
5237122,523712,1,1,,
5284123,528412,1,1,,
5284124,528412,1,1,,
5255113,525511,1,1,,
5255222,525522,2,2,,
5C4211,5C421,,1,,
5B1311,5B131,,1,,
4941121,494112,1,1,,
5232411,523241,1,1,,
1622221,162222,1,1,,
4222211,422221,1,1,,
4222212,422221,1,1,,
4222213,422221,1,1,,
48131211,4813121,,,,
48131212,4813121,,,,
3133122,313312,1,1,,
34121313,3412131,2,2,,
1617222,161722,0,1,,
4222221,422222,1,1,,
4256521,425652,1,1,,
5531116,553111,1,1,,
7322111,732211,1,1,,
7322122,732212,1,1,,
7322121,732212,1,1,,
7322221,732222,1,1,,
7322222,732222,1,1,,
7311121,731112,1,1,,
813411,81341,1,1,,
813412,81341,1,1,,
813413,81341,,,,
923133,92313,2,2,,
9912211,991221,,,,
9912312,991231,1,1,,
9912321,991232,1,1,,
9422222,942222,1,1,,
4814111,481411,1,1,,
81213131,8121313,1,1,,
731412,73141,1,1,Yes,1982
7314111,731411,1,1,,
7314112,731411,2,2,,
4256332,425633,1,1,,
3413231,341323,1,1,,
5182233,518223,1,1,,
5C421,5C42,2,2,Yes,1979
5232421,523242,1,1,,
1618234,161823,1,1,,
5255223,525522,2,2,,
5153411,515341,1,1,,
4222321,422232,1,1,,
4222322,422232,1,1,,
5D8311,5D831,1,1,,
4452123,445212,1,1,,
16A1441,16A144,0,1,,
16A1442,16A144,0,1,,
8134121,813412,1,1,,
8134122,813412,1,1,,
8134131,813413,1,1,,
,,,,,
8134132,813413,1,1,,
8134133,813413,,3,,
8134134,813413,2,4,,
5153112,515311,2,2,,
5153132,515313,1,1,,
4711222,471122,1,1,,
4256431,425643,1,1,,
4256432,425643,1,1,,